time,deep_h,rem_h,light_h,awake_h
1492861440000,1.433,2.217,5.7,1.217
1492951020000,2.15,1.567,5.117,1.2
1493037030000,2.45,1.383,5.467,2.3
1493380620000,1.95,2.817,4.45,1.567
1493468400000,1.667,1.65,5.65,1.867
1493556960000,,,,
1493573520000,1.117,0.7,4.133,0.917
1493605680000,,,,
1493728200000,1.767,1.833,5.1,1.25
1493821800000,2.017,1.717,3.983,1.317
1493904030000,1.8,1.6,3.583,1.25
1493989860000,2.183,1.683,3.733,1.567
1494074100000,1.85,2.45,5.267,2.433
1496666820000,1.683,2.45,4.6,1.3
1496755770000,,,,
1496839260000,2.367,2.417,3.25,1.0
1496926320000,1.767,1.95,3.783,0.85
1497011970000,2.2,2.233,3.95,1.1
1497099780000,1.417,1.3,3.617,0.883
1497185250000,2.183,2.317,3.517,1.033
1499347380000,1.867,1.683,4.617,1.433
1499433840000,1.633,2.367,4.317,1.567
1499518050000,1.583,2.5,5.983,1.933
1499610600000,1.617,2.25,4.817,1.25
1499692770000,2.017,2.033,3.733,1.283
1507465050000,2.117,1.25,5.35,1.433
1507551000000,2.117,1.6,5.683,1.9
1507638930000,1.417,1.5,5.433,1.55
1507723620000,1.467,1.183,5.017,1.0
1507808520000,1.7,1.383,5.017,1.3
1507895220000,1.5,1.833,4.9,1.0
1507983720000,2.067,1.3,4.433,1.317
1508069520000,1.683,1.367,4.267,1.15
1508154540000,1.45,1.317,3.75,0.917
1508241960000,1.45,2.0,4.367,0.867
1508327700000,1.75,0.85,5.417,1.867
1511786790000,1.6,1.833,3.8,1.15
1511871030000,2.167,1.75,4.667,1.483
1511959440000,,,,
1512043380000,,,,
1513285050000,2.2,2.517,3.5,1.017
1513945890000,2.117,2.367,3.783,1.717
1514031600000,,,,
1518958650000,1.7,1.333,3.85,1.283
1526221020000,1.667,2.317,3.283,1.167
1526308560000,2.4,1.633,3.65,1.033
1526400270000,1.667,1.35,2.9,0.733
1526484930000,2.033,1.233,5.133,1.217
1526570460000,1.867,1.383,3.967,1.3
1526657220000,1.433,1.233,2.867,1.033
1526752230000,1.433,1.9,5.4,1.283
1526838420000,1.333,1.65,3.633,1.067
1526913300000,2.05,1.883,6.05,1.9
1526999790000,2.067,2.0,5.833,1.767
1527088620000,1.767,0.85,6.217,1.633
1527174570000,2.1,0.733,5.433,1.833
1527259680000,1.533,1.0,5.833,2.267
1527347190000,1.767,1.717,4.783,1.45
1527440910000,1.933,1.65,3.867,1.483
1527513750000,1.3,1.1,1.933,0.833
1527536760000,,,,
1527603600000,1.75,1.35,5.117,1.333
1527700530000,1.583,0.933,4.867,1.4
1527781770000,,,,
1527797220000,,,,
1527862050000,2.433,2.683,4.4,1.4
1527952890000,1.367,1.083,4.233,1.583
1528040370000,1.867,1.433,4.267,1.483
1528128060000,1.5,1.733,2.983,0.717
1528222560000,1.283,0.933,1.4,0.45
1528300590000,2.267,1.783,4.45,1.533
1528380600000,2.167,1.917,4.933,1.483
1528468230000,2.083,1.633,4.483,1.917
1528559280000,0.75,0.583,1.367,0.433
1528576470000,1.033,0.75,2.05,0.6
1528642410000,2.233,2.633,4.083,1.0
1528727610000,2.167,1.717,5.633,1.583
1528822920000,0.783,0.583,3.067,0.833
1532181210000,2.05,1.483,4.55,1.2
1532269230000,1.817,2.367,3.317,1.1
1532355990000,1.983,1.433,3.867,1.05
1532445000000,,,,
1532455500000,0.967,0.8,3.033,0.683
1532531700000,1.483,1.65,2.883,0.817
1532702160000,2.267,1.767,3.683,1.133
1532874900000,2.15,1.183,3.75,1.45
1532964000000,2.033,1.517,3.783,1.2
1533048450000,1.883,1.067,5.817,1.25
1533139890000,1.817,2.517,3.967,1.0
1533304770000,1.933,1.75,5.45,1.733
1533397560000,1.683,1.767,3.933,1.05
1533567990000,2.167,0.967,4.267,1.55
1533654750000,1.833,0.9,4.817,1.35
1533735330000,0.983,0.533,2.7,0.583
1533758640000,0.983,0.567,3.4,0.917
1533829590000,1.717,1.55,2.733,1.117
1534269270000,0.983,0.55,3.15,0.833
1534348950000,2.367,1.3,4.3,1.167
1534530540000,1.517,1.033,2.933,0.983
1534610580000,1.683,0.967,2.183,0.45
1534693620000,1.133,0.733,2.633,1.017
1534773270000,1.267,1.167,3.667,0.917
1537887660000,1.933,1.8,3.667,1.033
1537980870000,2.333,2.35,2.5,1.167
1538061960000,1.167,0.867,3.6,0.683
1538239680000,2.05,0.983,4.517,1.45
1538501760000,0.85,1.45,4.483,1.567
1538586120000,1.583,1.717,3.933,1.15
1538666760000,1.583,1.467,2.65,0.933
1538753430000,2.35,1.667,4.767,1.333
1538849940000,0.583,1.0,4.183,0.983
1539018600000,1.25,1.4,4.217,1.017
1539096150000,1.633,1.417,3.917,1.283
1539190830000,2.0,1.183,4.0,1.05
1539532440000,2.067,1.65,4.5,1.3
1539617100000,1.95,1.783,5.367,1.4
1539703920000,,,,
1539789150000,1.383,0.7,4.467,1.233
1539870660000,1.517,1.217,4.35,1.117
1540047840000,1.583,1.067,4.15,1.667
1540138410000,1.583,1.067,3.5,1.05
1540222500000,0.65,0.417,1.783,0.383
1540393020000,1.55,1.05,3.967,1.017
1540564380000,1.783,1.183,4.083,1.167
1540657140000,2.2,1.083,4.367,1.233
1540739340000,1.2,0.717,5.783,1.4
1540827900000,1.067,1.383,5.15,1.417
1540912770000,1.85,0.8,4.6,1.25
1541004690000,1.35,0.533,4.267,0.7
1541090010000,1.85,1.833,4.75,1.083
1541181720000,1.783,1.367,4.117,1.05
1541264010000,1.133,1.117,5.317,1.333
1541352990000,1.767,1.017,4.967,1.15
1541441610000,1.45,0.767,4.667,1.45
1541527260000,1.033,0.717,4.967,1.167
1541606430000,2.183,1.8,6.167,1.7
1541694540000,1.433,1.633,5.167,1.533
1541779890000,1.783,0.717,4.867,1.483
1542039990000,1.617,1.217,4.767,1.2
1542125520000,2.117,1.267,5.0,1.317
1542216480000,1.767,1.15,3.283,1.15
1542305460000,1.533,1.233,3.233,1.15
1542389430000,1.383,0.95,5.35,1.433
1542475230000,1.35,2.083,5.45,1.317
1542562020000,1.6,2.067,4.317,1.367
1542653280000,1.817,1.3,4.55,1.317
1542736740000,1.65,1.3,4.1,0.883
1542825390000,1.733,0.95,3.9,1.35
1550748570000,2.083,2.283,5.333,1.2
1551096690000,2.3,1.783,4.583,1.75
1551188370000,1.75,1.233,4.817,1.5
1551365520000,1.733,1.517,3.233,1.3
1551438270000,2.983,2.133,5.183,1.283
1551537210000,1.85,1.95,5.35,1.233
1551612060000,2.2,1.3,3.983,1.133
1552648530000,1.85,0.883,5.717,1.517
1552738020000,1.7,1.0,5.867,1.817
1552827360000,1.983,1.467,4.75,1.017
1552909200000,2.65,2.117,4.933,1.45
1552998060000,1.833,1.5,6.433,1.667
1553088480000,1.533,1.25,5.05,1.95
1553691390000,1.45,1.15,5.217,2.067
1553779470000,1.817,1.617,4.15,1.233
1553871750000,2.0,0.633,3.933,0.95
1565366280000,2.117,1.867,4.183,1.2
1565448240000,1.817,2.183,4.383,1.433
1565539380000,2.3,1.083,4.117,0.95
1565621520000,1.933,1.8,4.667,1.517
1565709030000,2.567,1.8,2.933,1.25
1565794680000,1.5,1.083,3.783,1.233
1565969880000,2.0,1.783,4.067,1.4
1566058170000,1.433,1.583,3.867,1.617
1566140460000,1.65,0.8,4.167,1.7
1566224520000,2.5,1.1,4.867,1.717
1566318390000,1.75,1.35,5.183,1.55
1566408810000,1.333,1.167,2.55,0.95
1566484650000,2.117,1.733,5.1,1.617
1566580560000,2.05,1.333,5.167,1.483
1566658770000,2.55,2.433,4.867,1.15
1566751620000,1.517,1.75,2.95,0.85
1566832080000,1.6,1.9,3.95,1.1
1566917370000,2.617,2.067,5.233,1.483
1567009650000,1.85,1.967,4.933,1.217
1567782300000,1.083,0.95,2.333,0.567
1568049390000,1.65,1.8,5.283,1.067
1568134950000,1.85,1.633,4.6,1.217
1568216130000,2.883,2.0,5.233,1.65
1568299440000,1.9,2.15,5.317,1.533
1568399940000,1.967,1.75,3.9,1.433
1568563380000,1.95,1.5,5.017,1.117
1568648970000,2.217,1.617,4.45,1.467
1568733750000,1.933,1.6,5.383,1.433
1568820030000,1.833,1.633,2.917,0.917
1568907930000,1.883,1.567,4.05,1.333
1568996430000,2.533,2.833,3.983,1.333
1569084900000,0.783,0.767,2.433,0.35
1569166350000,2.1,1.633,5.2,1.367
1569255810000,1.8,0.783,5.083,1.483
1569338370000,2.017,1.683,4.883,1.25
1569426060000,1.483,2.117,5.0,1.433
1569511230000,1.983,1.967,3.883,1.2
1569602970000,1.983,0.933,4.417,1.267
1569685530000,2.667,1.8,5.3,1.25
1569784380000,0.967,1.617,3.917,0.833
1569863130000,2.167,0.833,4.783,1.65
1569953520000,1.65,0.983,3.767,1.233
1570034160000,1.45,0.517,3.183,0.9
1570126680000,1.467,1.683,4.067,0.983
1570207050000,2.15,1.333,4.75,1.55
1570298010000,1.65,1.55,4.4,0.983
1570464750000,1.783,0.767,5.483,1.567
1570555140000,2.2,1.867,3.883,1.15
1570640280000,2.117,1.15,4.95,1.467
1570725720000,2.1,1.783,4.017,1.7
1570812240000,1.417,2.133,4.6,1.3
1570896510000,2.8,2.383,4.483,1.633
1570989300000,1.85,1.333,3.183,0.767
1571071410000,1.983,2.033,4.0,1.633
1571155020000,2.267,2.45,4.217,1.15
1571239470000,1.3,1.167,3.083,0.983
1571320500000,2.733,2.433,4.65,1.05
1571415300000,2.25,2.15,4.0,1.067
1571496570000,3.067,1.833,4.417,1.433
1571670690000,2.483,2.367,5.317,1.55
1571759700000,1.7,1.6,4.033,1.317
1571847270000,2.25,2.15,3.95,0.983
1571935590000,1.85,1.983,4.983,1.367
1572017310000,1.85,2.333,4.2,1.5
1572107310000,2.067,2.15,3.817,1.2
1572202650000,0.883,0.783,2.55,0.667
1572281580000,2.033,2.15,5.35,1.967
1572364650000,2.15,1.867,3.7,1.367
1572447840000,2.25,1.5,5.0,1.95
1572534870000,2.717,2.183,3.933,1.617
1572625680000,2.333,1.217,5.067,1.667
1572710730000,2.433,1.783,4.883,1.8
1572796590000,,,,
1573055850000,2.3,1.867,3.833,1.667
1573141320000,2.067,1.867,4.467,1.5
1573226820000,1.533,1.4,3.15,0.85
1573314930000,2.533,1.467,5.233,1.767
1573480500000,3.55,2.867,4.75,1.817
1573571730000,2.833,2.267,4.6,1.3
1574100120000,1.4,1.967,2.65,0.833
1574178120000,2.133,2.467,4.267,1.5
1574265030000,2.333,1.4,4.55,1.3
1574350530000,1.2,0.933,2.483,0.633
1575469620000,2.217,1.717,4.45,1.133
1575646020000,2.117,2.1,4.0,0.817
1575743550000,1.883,1.95,2.85,1.133
1575814140000,2.35,1.45,5.05,1.683
1575902310000,1.633,2.283,3.7,1.317
1575994050000,1.083,1.283,2.95,0.867
1576089780000,2.05,0.7,3.5,0.85
1576422840000,2.567,2.433,4.0,1.5
1581534360000,2.1,1.383,3.3,1.067
1581635520000,1.833,1.467,2.183,0.8
1581685440000,2.483,2.05,4.617,1.517
1581788670000,2.483,2.567,3.2,1.033
1581877770000,1.633,1.917,3.75,1.067
1581939780000,,,,
1581948900000,1.4,2.267,2.717,0.7
1582136610000,1.617,1.283,4.217,0.967
1582211250000,1.267,1.55,2.583,0.617
1582393110000,2.617,1.283,3.583,1.35
1582487220000,1.6,1.267,4.467,1.567
1582576920000,1.433,1.383,2.65,0.75
1582662540000,2.433,1.2,5.117,1.667
1582744770000,2.117,1.65,4.033,0.85
1582808250000,1.533,1.217,3.05,1.15
1582920120000,2.067,1.833,3.15,1.483
1582997100000,3.1,2.283,4.583,1.4
1583088480000,2.05,1.217,3.733,1.3
1583177100000,1.633,1.083,3.317,1.033
1583335170000,1.717,0.983,3.95,1.25
1583415090000,1.3,0.85,3.6,0.7
1586445810000,2.25,2.05,4.283,1.45
1586528610000,1.767,2.717,5.0,1.75
1586614380000,1.8,1.833,5.417,1.617
1586702820000,3.017,2.85,3.85,1.483
1586791440000,1.883,1.983,4.95,1.467
1586873490000,1.533,1.8,3.633,1.0
1587308070000,1.983,2.3,4.917,1.55
1587396750000,2.967,2.283,4.333,1.167
1587478500000,2.4,1.85,4.9,1.283
1587566250000,2.583,1.567,5.333,1.75
1587664170000,1.333,1.9,2.433,0.9
1587729120000,0.533,0.717,3.15,0.583
1587752700000,0.867,0.267,2.017,0.917
1587820650000,2.417,2.117,4.533,1.633
1587909630000,1.717,2.017,5.533,1.583
1588001250000,1.75,1.933,4.35,1.25
1588086660000,1.6,2.1,4.933,1.267
1590596250000,1.517,1.617,5.767,1.733
1590683130000,2.033,1.633,5.383,1.383
1590768450000,2.183,2.8,3.95,1.283
1590855780000,1.8,1.733,5.05,1.9
1590950430000,1.917,1.583,5.15,1.233
1591051710000,1.9,1.117,3.417,1.417
1591287660000,2.35,1.717,3.517,1.317
1591368120000,2.767,2.0,5.0,1.6
1591461030000,1.333,1.15,3.667,1.1
1591546560000,2.283,2.0,3.35,1.733
1592850690000,1.767,1.933,3.867,1.183
1592928630000,2.283,1.783,3.717,1.05
1593012600000,2.9,2.0,4.0,1.683
1593099330000,2.633,2.267,5.333,1.583
1593200610000,2.633,1.8,3.133,1.717
1593275220000,2.217,1.7,4.183,1.3
1593356730000,1.467,1.55,3.867,0.95
1594826610000,1.867,1.5,3.35,1.1
1594915380000,1.733,1.283,2.917,0.983
1594991130000,1.95,1.75,3.383,1.567
1595081400000,2.217,1.433,5.483,1.4
1595168430000,1.95,1.6,4.167,1.583
1613485140000,1.033,1.017,2.7,0.8
1613565930000,2.167,2.0,5.35,1.333
1613648490000,2.717,2.467,4.917,1.6
1613739840000,0.933,1.05,3.683,0.733
1613831550000,3.083,3.967,5.467,1.05
1613917080000,1.567,1.4,3.25,1.117
1614092460000,2.7,1.317,3.733,1.45
1614185700000,2.0,1.617,3.35,1.133
1614260820000,2.517,2.267,4.667,1.15
1614359070000,1.0,0.433,2.817,0.733
1614381210000,0.683,0.217,1.7,0.65
1614447360000,1.233,1.233,3.467,1.083
1614525660000,2.55,2.183,5.367,2.067
1614610140000,2.267,1.567,4.95,1.95
1614693870000,2.667,2.85,5.55,1.517
1614788340000,1.9,1.517,5.3,1.6
1614867240000,2.383,2.0,3.333,1.217
1614965970000,1.5,1.467,4.133,1.283
1615054650000,1.717,1.05,1.783,0.383
1615123890000,2.55,1.933,6.45,1.867
1615216770000,2.15,2.217,3.0,0.9
1615295970000,0.8,0.583,2.717,0.367
1615315650000,1.683,2.233,1.7,0.5
1615390020000,2.717,3.033,4.333,1.55
1615476180000,1.667,0.883,3.967,0.867
1615562610000,2.283,2.283,3.683,1.3
1615648230000,2.6,2.083,4.867,1.517
1615730940000,1.85,2.417,4.167,1.75
1615833030000,2.25,1.75,3.633,0.883
1615867920000,,,,
1615912080000,2.033,1.633,4.567,1.2
1615994790000,2.283,2.467,4.5,1.383
1616077440000,2.217,2.383,4.45,1.083
1617282750000,2.8,2.583,4.417,1.583
1617364710000,2.8,2.567,5.667,1.35
1617473190000,,,,
1618501706000,,,8.1,1.45
1618678240000,,,8.067,1.583
1618793482000,,,1.417,
1618847630000,,,7.167,1.533
1618879430000,,,0.033,
1619483997000,,,0.017,
1619492967000,,,0.133,
1619883319000,,,0.5,8.383
1620051739000,,,8.65,1.683
1620579289000,,,0.05,0.017
1620580399000,,,1.817,
1620587479000,,,1.65,0.017
1621300703000,,,1.05,
1621868495000,,,9.05,0.833
1624200660000,,,4.533,0.017
1624226730000,,,0.033,
1624328331000,,,0.017,
1625409994000,,,7.9,1.317
1626009153000,,,0.933,
1626032103000,,,1.783,
1626038943000,,,0.033,
1626039933000,,,0.1,
1626046735000,,,0.567,0.1
1626098037000,,,3.3,
1626115287000,,,0.15,
1626124077000,,,0.017,
1627830252000,,,8.017,1.383
1628357760000,,,0.3,
1691853720000,2.667,3.267,6.283,1.767
1691938170000,2.533,2.117,3.467,0.75
1692026880000,0.75,0.367,3.367,0.95
1692050940000,,,,
1692110430000,1.817,2.483,4.95,1.1
1692204030000,1.117,1.817,4.8,1.817
1692280320000,2.35,2.533,3.75,1.167
1692370320000,2.583,3.383,5.067,1.283
1692456150000,1.933,2.517,6.517,1.417
1692550440000,2.25,2.0,3.483,0.7
1692639060000,2.367,2.633,4.8,1.4
1692717900000,1.483,1.15,4.4,0.433
1692806580000,1.483,1.65,4.283,1.183
1692913800000,1.25,1.317,4.233,1.117
1692982830000,2.633,2.233,2.25,0.867
1693060590000,2.467,3.617,3.483,1.233
1693163610000,1.283,1.583,3.383,0.667
1693239780000,1.65,1.933,3.5,1.183
1693337460000,1.817,1.6,3.55,1.367
1693407420000,3.417,3.6,6.433,1.5
1693496460000,1.267,1.25,3.233,0.983
1693586610000,1.683,2.1,3.9,1.05
1693664760000,1.867,3.2,4.933,2.033
1693752690000,1.667,2.0,5.283,1.117
1693837620000,2.617,3.7,4.233,1.783
1693925670000,1.767,2.05,5.0,1.583
1697555280000,0.933,0.433,3.25,0.683
1697642760000,2.4,2.483,6.617,1.75
1697723610000,1.667,1.183,4.167,1.517
1697809080000,3.45,3.533,3.55,1.65
1697899290000,2.217,2.75,5.017,1.35
1697983110000,1.233,1.317,5.05,0.55
1698069480000,2.617,2.317,5.4,1.333
1698157230000,2.167,2.017,4.05,1.167
1698592860000,1.633,1.833,4.367,0.85
1698665190000,,,,
1698677310000,1.083,0.683,1.667,0.667
1698778980000,1.233,1.5,2.317,0.833
1698850530000,2.383,1.4,3.967,1.0
1698929250000,2.083,3.267,5.817,1.933
1699022820000,1.15,2.65,4.767,1.567
1699103970000,2.1,2.517,4.767,1.817
1699194480000,2.317,1.783,4.183,1.133
1699280220000,1.383,2.567,2.517,1.283
1699360230000,1.45,0.9,2.867,1.25
1699801920000,2.483,2.233,5.483,1.733
1699877880000,1.983,2.817,3.517,1.8
1699962120000,1.167,0.917,3.067,0.8
1700052450000,2.117,2.233,6.4,1.333
1700139810000,1.283,1.95,4.783,1.35
1700226480000,0.55,0.617,2.833,0.783
1700311890000,1.75,2.017,6.617,1.35
1700408340000,2.117,2.45,4.383,1.2
1700504820000,1.167,0.983,2.917,0.567
1700573430000,3.3,2.233,5.067,1.617
1700671560000,0.467,0.2,1.983,0.917
1700738310000,1.417,1.233,3.967,1.133
1700824710000,3.65,3.417,4.367,1.4
1700914740000,1.967,2.317,4.567,1.767
1701006150000,1.65,1.767,4.867,2.167
1701089760000,1.6,1.967,6.067,1.35
1701176520000,1.35,1.283,5.3,0.833
1701263310000,0.667,1.1,4.55,1.233
1701346860000,1.6,2.55,4.483,1.017
1701437310000,0.617,,2.683,0.65
1701525720000,2.25,3.983,5.1,1.433
1701612870000,1.017,1.917,5.35,1.417
1701697590000,1.433,1.033,5.867,1.667
1701781860000,2.467,2.85,5.7,1.5
1701867060000,1.317,1.433,3.283,0.817
1701957000000,1.0,1.083,3.583,0.883
1702040430000,1.917,1.833,6.133,1.983
1702127610000,2.1,2.467,6.55,1.533
1702212060000,1.5,1.783,4.283,1.1
1702300260000,1.1,1.017,4.167,0.917
1702386180000,,,,
1706805600000,1.133,1.3,6.733,0.4
1706883060000,1.3,2.133,5.133,0.233
1707144540000,2.117,1.183,5.65,1.1
1707233940000,1.05,1.817,4.55,0.117
1707323400000,1.0,1.283,4.967,1.233
1707576720000,0.967,3.083,6.083,0.567
1707659280000,1.333,0.867,5.783,0.4
1707745260000,0.7,1.6,7.133,0.567
1707837960000,1.383,1.883,4.717,0.1
1707925320000,1.4,1.167,4.9,1.067
1708014060000,1.0,1.683,6.9,0.617
1708222140000,1.367,0.9,3.567,1.183
1708306800000,2.033,0.167,3.883,1.217
1708525680000,1.35,1.367,8.133,0.767
1708618620000,1.05,0.217,2.683,
1708957500000,1.3,2.25,6.667,0.55
1709045760000,1.0,,2.933,0.9
1709128260000,1.267,1.417,4.967,0.3
1709218320000,1.083,1.417,5.65,0.533
1748621880000,1.375,,0.925,0.283
1748634600000,0.933,0.008,0.758,0.058
1748718420000,0.617,0.042,1.633,0.825
1748731260000,0.517,0.233,1.125,0.325
1748790900000,1.583,,2.292,0.825
1748809560000,1.008,0.292,1.8,0.583
1748892720000,0.442,0.008,0.658,0.075
1748899440000,0.4,0.192,0.717,0.108
1748968200000,0.775,,0.925,0.2
1748976780000,1.117,0.358,1.583,0.558
1749048780000,1.35,,1.942,0.258
1749066060000,0.825,0.467,1.533,0.325
1749138360000,0.692,,1.533,0.308
1749149040000,1.558,0.475,1.225,0.408
1749170700000,0.417,0.05,0.658,0.058
1749318960000,1.05,,1.175,0.25
1749330840000,0.442,0.092,0.742,0.208
1749339300000,0.083,0.417,0.567,0.067
1749399960000,0.892,,1.258,0.25
1749410400000,0.692,0.192,1.625,0.308
1749485280000,1.833,0.325,0.683,0.392
1749501060000,0.425,,0.475,0.017
1749622620000,0.417,0.042,0.533,0.442
1749659760000,2.192,2.092,2.542,1.308
1749743460000,0.917,,0.675,0.058
1749751020000,0.542,,0.642,0.033
1749757980000,0.483,0.358,2.025,0.633
1749829560000,1.342,,1.208,0.175
1749841200000,0.358,0.025,0.592,0.192
1749852180000,0.108,0.108,0.825,0.108
1749857940000,,,0.842,0.242
1749913800000,0.817,,2.517,1.217
1750093920000,2.217,0.742,3.0,1.2
1750169400000,1.383,,1.15,0.325
1750181220000,0.633,,1.025,0.175
1750191540000,0.008,,1.458,0.65
1750201740000,0.308,0.033,0.883,0.308
1750260600000,1.292,,1.342,0.908
1750276680000,0.608,,0.517,0.158
1750284780000,1.042,0.033,0.867,0.808
1750328220000,,,,
1750345980000,1.883,1.75,3.5,1.708
1750431960000,1.908,0.283,2.508,1.0
1750511280000,1.642,0.067,0.633,0.533
1750525020000,0.867,,0.433,0.05
1750533840000,1.358,0.033,0.975,1.558
1750602660000,2.05,0.442,1.067,2.058
1750625760000,0.4,,0.483,0.117
1750630860000,0.525,,0.442,0.267
1750696200000,0.917,0.008,1.617,0.7
1750709520000,1.017,0.317,2.05,0.733
1750864920000,0.55,0.067,1.608,0.408
1750875900000,0.892,0.058,0.75,0.167
1750884660000,0.292,0.558,0.917,0.175
1750949340000,1.0,0.333,2.45,0.717
1750967580000,0.4,,0.592,0.008
1751033340000,1.133,0.058,2.4,0.375
1751048400000,,0.625,1.358,0.167
1751120400000,0.442,0.208,2.833,0.45
1751136060000,0.842,1.192,2.033,0.883
1751206320000,1.317,0.308,2.092,0.45
1751223120000,1.125,0.617,1.958,0.533
1751294280000,2.0,,0.633,0.342
1751307180000,,,,
1751315100000,0.75,,0.733,0.883
1751377740000,2.142,0.825,0.975,3.617
1751468640000,1.342,0.242,2.183,0.333
1751484720000,0.942,0.158,1.842,1.15
1751556660000,1.392,0.25,2.017,0.392
1751572620000,0.767,0.367,1.65,0.533
1751642820000,1.6,0.625,2.292,0.967
1751664780000,0.292,0.083,0.775,0.167
1751732340000,2.6,0.192,0.925,0.95
1751757420000,0.942,,0.767,0.192
1752159360000,2.5,2.308,2.775,1.1
1752248220000,2.033,0.742,2.675,2.067
1752279480000,0.717,,1.1,0.583
1752336720000,2.142,0.342,0.917,2.375
1752423300000,0.592,,1.025,0.183
1752431400000,0.833,,1.042,0.325
1752441480000,0.133,0.267,1.425,1.217
1752505982000,0.017,,,
1752506042000,0.017,,,
1752506102000,0.017,,,
1752506162000,0.017,,,
1752506222000,0.017,,,
1752506282000,0.017,,,
1752506342000,0.017,,,
1752506402000,0.017,,,
1752506462000,0.017,,,
1752506522000,0.017,,,
1752506582000,0.017,,,
1752506642000,0.017,,,
1752506702000,0.017,,,
1752506762000,0.017,,,
1752506822000,0.017,,,
1752506882000,,,0.017,
1752506942000,0.017,,,
1752507002000,,,0.017,
1752507062000,,,0.017,
1752507122000,,,0.017,
1752507182000,,,0.017,
1752507242000,,,0.017,
1752507302000,,,0.017,
1752507362000,,,0.017,
1752507422000,,,0.017,
1752507482000,,,0.017,
1752507542000,,,0.017,
1752507602000,,,0.017,
1752507662000,,,0.017,
1752507722000,,,0.017,
1752507782000,,,0.017,
1752507842000,,,0.017,
1752507902000,,,0.017,
1752507962000,,,0.017,
1752508022000,,,0.017,
1752508082000,,,0.017,
1752508142000,,,0.017,
1752508202000,,,0.017,
1752508262000,,,0.017,
1752508322000,,,0.017,
1752508382000,0.017,,,
1752508442000,,,0.017,
1752508502000,,,0.017,
1752508562000,,,0.017,
1752508622000,0.017,,,
1752508682000,0.017,,,
1752508742000,0.017,,,
1752508802000,0.017,,,
1752508862000,0.017,,,
1752508922000,0.017,,,
1752508982000,0.017,,,
1752509042000,0.017,,,
1752509102000,0.017,,,
1752509162000,0.017,,,
1752509222000,0.017,,,
1752509282000,0.017,,,
1752509342000,0.017,,,
1752509402000,0.017,,,
1752509462000,0.017,,,
1752509522000,0.017,,,
1752509582000,0.017,,,
1752509642000,0.017,,,
1752509702000,0.017,,,
1752509762000,0.017,,,
1752509822000,0.017,,,
1752509882000,0.017,,,
1752509942000,0.017,,,
1752510002000,0.017,,,
1752510062000,0.017,,,
1752510122000,0.017,,,
1752510903000,,,,0.017
1752510963000,0.017,,,
1752511023000,0.017,,,
1752511083000,0.017,,,
1752511143000,0.017,,,
1752511203000,0.017,,,
1752511263000,0.017,,,
1752511323000,0.017,,,
1752511383000,0.017,,,
1752511443000,0.017,,,
1752511503000,0.017,,,
1752511563000,,,,0.017
1752511623000,,,,0.017
1752511683000,0.017,,,
1752511743000,0.017,,,
1752511803000,0.017,,,
1752511863000,,,,0.017
1752512941000,0.017,,,
1752513001000,0.017,,,
1752513061000,0.017,,,
1752513121000,0.017,,,
1752513181000,0.017,,,
1752513241000,0.017,,,
1752513301000,0.017,,,
1752513361000,0.017,,,
1752513421000,0.017,,,
1752513481000,0.017,,,
1752513541000,0.017,,,
1752513601000,0.017,,,
1752513661000,0.017,,,
1752513721000,0.017,,,
1752513781000,0.017,,,
1752513841000,0.017,,,
1752513901000,0.017,,,
1752513961000,0.017,,,
1752514021000,,,0.017,
1752514081000,,,0.017,
1752514141000,,,0.017,
1752514201000,,,0.017,
1752514261000,,,0.017,
1752514321000,,,0.017,
1752514381000,,,0.017,
1752514441000,,,0.017,
1752514501000,,,0.017,
1752514561000,,,0.017,
1752514621000,,,0.017,
1752514681000,0.017,,,
1752514741000,0.017,,,
1752514801000,,,0.017,
1752514861000,,,0.017,
1752514921000,,,0.017,
1752514981000,,,0.017,
1752515041000,,,0.017,
1752515101000,,,0.017,
1752515161000,,,0.017,
1752515221000,,,0.017,
1752515281000,,,0.017,
1752515341000,,,0.017,
1752515401000,,,0.017,
1752515461000,,,0.017,
1752515521000,,,0.017,
1752515581000,,,0.017,
1752515641000,,,0.017,
1752515701000,0.017,,,
1752515761000,0.017,,,
1752515821000,0.017,,,
1752515881000,0.017,,,
1752515941000,0.017,,,
1752516001000,0.017,,,
1752516061000,0.017,,,
1752516121000,0.017,,,
1752516181000,0.017,,,
1752516241000,0.017,,,
1752516301000,0.017,,,
1752516361000,0.017,,,
1752516421000,0.017,,,
1752516481000,0.017,,,
1752516541000,0.017,,,
1752516601000,0.017,,,
1752516661000,0.017,,,
1752516721000,0.017,,,
1752516781000,0.017,,,
1752516841000,0.017,,,
1752516901000,0.017,,,
1752516961000,0.017,,,
1752517021000,0.017,,,
1752517081000,0.017,,,
1752517141000,0.017,,,
1752517201000,,0.017,,
1752517261000,,0.017,,
1752517321000,,0.017,,
1752517381000,,0.017,,
1752517441000,,0.017,,
1752517501000,,0.017,,
1752517561000,,0.017,,
1752517621000,,0.017,,
1752517681000,,0.017,,
1752517741000,,0.017,,
1752517801000,,0.017,,
1752517861000,,0.017,,
1752517921000,,0.017,,
1752517981000,,0.017,,
1752518041000,,0.017,,
1752518101000,,0.017,,
1752518161000,,0.017,,
1752518221000,,0.017,,
1752518281000,,0.017,,
1752518341000,,0.017,,
1752518401000,,0.017,,
1752518461000,,0.017,,
1752518521000,0.017,,,
1752518581000,0.017,,,
1752518641000,,0.017,,
1752518701000,0.017,,,
1752518761000,0.017,,,
1752518821000,0.017,,,
1752518881000,,0.017,,
1752518941000,,0.017,,
1752519001000,,0.017,,
1752519061000,0.017,,,
1752519121000,0.017,,,
1752519181000,0.017,,,
1752519241000,0.017,,,
1752519301000,0.017,,,
1752519361000,0.017,,,
1752519421000,0.017,,,
1752519481000,0.017,,,
1752519541000,0.017,,,
1752519601000,0.017,,,
1752519661000,0.017,,,
1752519721000,0.017,,,
1752519781000,0.017,,,
1752519841000,0.017,,,
1752519901000,0.017,,,
1752519961000,0.017,,,
1752520021000,0.017,,,
1752520081000,0.017,,,
1752520141000,0.017,,,
1752520201000,0.017,,,
1752520261000,0.017,,,
1752520321000,0.017,,,
1752520381000,0.017,,,
1752520441000,0.017,,,
1752520501000,0.017,,,
1752520561000,0.017,,,
1752520621000,0.017,,,
1752520681000,0.017,,,
1752520741000,0.017,,,
1752520801000,0.017,,,
1752520861000,0.017,,,
1752520921000,,,0.017,
1752520981000,0.017,,,
1752521041000,0.017,,,
1752521101000,0.017,,,
1752521161000,0.017,,,
1752521221000,0.017,,,
1752521281000,,,0.017,
1752521341000,0.017,,,
1752521401000,0.017,,,
1752521461000,,,0.017,
1752521521000,0.017,,,
1752521581000,0.017,,,
1752521641000,0.017,,,
1752521701000,0.017,,,
1752521761000,0.017,,,
1752521821000,0.017,,,
1752521881000,0.017,,,
1752521941000,0.017,,,
1752522001000,,,0.017,
1752522061000,,,0.017,
1752522121000,0.017,,,
1752522181000,0.017,,,
1752522241000,0.017,,,
1752522301000,0.017,,,
1752522361000,0.017,,,
1752522421000,0.017,,,
1752522481000,0.017,,,
1752522541000,0.017,,,
1752522601000,0.017,,,
1752522661000,0.017,,,
1752522721000,0.017,,,
1752522781000,,,0.017,
1752522841000,,,0.017,
1752522901000,,,0.017,
1752522961000,,,0.017,
1752523021000,,,0.017,
1752523081000,,,0.017,
1752523141000,,,0.017,
1752523201000,,,0.017,
1752523261000,,,0.017,
1752523321000,,,0.017,
1752523381000,,,0.017,
1752523441000,,,0.017,
1752523501000,,,0.017,
1752523561000,,,0.017,
1752523621000,,,0.017,
1752523681000,,,0.017,
1752523741000,,,0.017,
1752523801000,,,0.017,
1752523861000,,,0.017,
1752523921000,,,0.017,
1752523981000,,,0.017,
1752524041000,,,0.017,
1752524101000,,,0.017,
1752524161000,0.017,,,
1752524221000,0.017,,,
1752524281000,,0.017,,
1752524341000,,0.017,,
1752524401000,,0.017,,
1752524461000,,0.017,,
1752524521000,,0.017,,
1752524581000,,0.017,,
1752524641000,,0.017,,
1752524701000,,0.017,,
1752524761000,,0.017,,
1752524821000,,0.017,,
1752524881000,,0.017,,
1752524941000,,0.017,,
1752525001000,,0.017,,
1752525061000,,0.017,,
1752525121000,,0.017,,
1752525181000,,0.017,,
1752525241000,,0.017,,
1752525301000,,0.017,,
1752525361000,,0.017,,
1752525421000,,0.017,,
1752525481000,,0.017,,
1752525541000,,0.017,,
1752525601000,,0.017,,
1752525661000,,0.017,,
1752525721000,,0.017,,
1752525781000,,0.017,,
1752525841000,0.017,,,
1752525901000,,0.017,,
1752525961000,,0.017,,
1752526021000,,0.017,,
1752526081000,,0.017,,
1752526141000,0.017,,,
1752526201000,0.017,,,
1752526261000,0.017,,,
1752526321000,0.017,,,
1752526381000,0.017,,,
1752526441000,0.017,,,
1752526501000,0.017,,,
1752526561000,0.017,,,
1752526621000,0.017,,,
1752526681000,0.017,,,
1752526741000,0.017,,,
1752526801000,0.017,,,
1752526861000,0.017,,,
1752526921000,0.017,,,
1752526981000,0.017,,,
1752527041000,0.017,,,
1752527101000,0.017,,,
1752527161000,0.017,,,
1752527224000,0.017,,,
1752527284000,0.017,,,
1752527344000,0.017,,,
1752527404000,0.017,,,
1752527464000,0.017,,,
1752527524000,0.017,,,
1752527584000,0.017,,,
1752527644000,0.017,,,
1752527704000,0.017,,,
1752527764000,0.017,,,
1752527824000,0.017,,,
1752527884000,0.017,,,
1752527944000,0.017,,,
1752528004000,0.017,,,
1752528064000,0.017,,,
1752528124000,0.017,,,
1752528184000,0.017,,,
1752528244000,0.017,,,
1752528304000,0.017,,,
1752528364000,0.017,,,
1752528424000,0.017,,,
1752528484000,0.017,,,
1752528544000,0.017,,,
1752528604000,0.017,,,
1752528664000,0.017,,,
1752528724000,0.017,,,
1752528784000,0.017,,,
1752528844000,0.017,,,
1752528904000,0.017,,,
1752528964000,0.017,,,
1752529024000,0.017,,,
1752529084000,0.017,,,
1752529144000,0.017,,,
1752529204000,0.017,,,
1752529264000,0.017,,,
1752529324000,0.017,,,
1752529384000,0.017,,,
1752529444000,0.017,,,
1752529504000,0.017,,,
1752529564000,0.017,,,
1752529624000,0.017,,,
1752529684000,0.017,,,
1752529744000,,0.017,,
1752529804000,0.017,,,
1752529864000,,0.017,,
1752529924000,0.017,,,
1752529984000,0.017,,,
1752530044000,0.017,,,
1752530104000,,0.017,,
1752530164000,0.017,,,
1752530224000,,0.017,,
1752530284000,,0.017,,
1752530344000,,0.017,,
1752530404000,0.017,,,
1752530464000,0.017,,,
1752530524000,,0.017,,
1752530584000,,0.017,,
1752530644000,0.017,,,
1752530704000,0.017,,,
1752530764000,0.017,,,
1752530824000,0.017,,,
1752530884000,0.017,,,
1752530944000,,0.017,,
1752531004000,0.017,,,
1752531064000,,0.017,,
1752531124000,,0.017,,
1752531184000,,0.017,,
1752531244000,,0.017,,
1752531304000,0.017,,,
1752531364000,0.017,,,
1752531424000,0.017,,,
1752531484000,0.017,,,
1752531544000,0.017,,,
1752531604000,0.017,,,
1752531664000,0.017,,,
1752531724000,0.017,,,
1752531784000,0.017,,,
1752531844000,0.017,,,
1752531904000,0.017,,,
1752533762000,1.317,0.25,0.133,0.017
1752679080000,2.117,1.283,3.883,0.983
1752769410000,1.625,0.892,4.442,1.842
1752848520000,2.242,0.783,4.15,1.208
1752934500000,1.8,0.983,5.067,0.883
1753021890000,1.55,0.367,2.883,0.867
1753115010000,1.525,0.475,2.258,0.308
1753194450000,1.283,0.95,4.5,0.7
1753284600000,1.4,0.333,1.3,0.15
1753296180000,0.85,0.75,2.733,1.317
1753373550000,0.833,0.417,4.575,0.542
1753455840000,1.5,0.567,4.35,1.533
1753546380000,1.583,0.9,3.283,1.217
1753627170000,1.4,0.7,4.267,1.4
1753719060000,1.142,0.85,3.583,1.058
1753812660000,0.733,0.467,2.1,1.317
1754322810000,,,,
1754335830000,,,,
1754406450000,2.117,1.733,3.75,0.567
1754493630000,0.95,0.217,1.967,0.45
1754552490000,,,,
1754581890000,0.85,0.592,1.217,0.358
1754599500000,,,,
1754603700000,,,,
1754677571000,2.5,,2.631,0.554
1754761500000,1.733,0.817,3.55,1.5
1754834700000,1.533,1.617,4.083,1.083
1754925660000,1.4,0.592,2.817,0.808
1754946120000,,,,
1754974530000,,,,
1755013800000,1.867,1.008,3.333,1.325
1755096510000,1.417,1.95,3.6,1.75
1755182640000,1.617,1.55,3.55,1.033
1755211080000,,,,
1755212400000,,,,
1755270030000,1.567,0.483,2.975,1.442
1755293460000,,,,
1755356160000,1.717,0.783,3.625,0.925
1755406560000,,,,
1755444300000,,,,
1755457260000,,,,
1755466320000,,,,
1755534240000,0.65,1.017,3.367,0.583
1755616410000,1.4,1.5,2.767,0.483
1755703950000,1.667,0.75,3.125,1.225
1755789840000,,,,0.817
1755874590000,1.533,0.617,2.733,1.367
1755975750000,1.367,0.683,3.792,1.758
1756044060000,1.333,0.25,2.417,1.417
1756064340000,,,,
1756131690000,1.35,1.533,4.1,1.017
1756161600000,,,,
1756223310000,1.1,1.35,3.267,1.417
1756310220000,,,,
1756326360000,,,,
1756334100000,,,,
1756396440000,,,,
1756405200000,,,,
1756414860000,,,,
1756478460000,1.375,0.842,3.775,1.375
1756657590000,1.067,0.067,3.175,1.042
1756744620000,,,,
1756754880000,,,,
1756827960000,1.2,0.65,3.367,1.1
1756859400000,,,,
1756911390000,1.767,1.1,3.4,1.1
1756998060000,1.317,0.942,2.933,0.925
1757084250000,,,,
1757092470000,0.833,0.983,2.592,0.892
1757172360000,1.5,1.133,3.217,0.733
1757255520000,1.2,1.15,3.567,0.65
1757282640000,,,,
1757348280000,1.092,0.575,2.525,1.125
1757439540000,,,,
1757521470000,1.033,0.917,2.7,0.533
1757604750000,1.183,0.633,2.117,0.683
1757622300000,,,,
1757696580000,1.183,0.5,1.933,0.433
1757779290000,1.625,1.308,3.425,1.025
1757974110000,,,,
1758131760000,,,,
1758148770000,,,,
1758299910000,1.15,0.85,1.983,0.1
1758341460000,,,,
1758470490000,0.867,0.9,2.883,0.533
1758558510000,0.85,0.283,3.183,0.75
1758641880000,1.283,0.817,2.817,1.083
1758726690000,,,,
1758744840000,0.517,0.683,2.367,0.833
1758808380000,,,,
1758822510000,,,,
1758907380000,,,,
1759077990000,,,,
1759165080000,1.15,0.717,1.7,0.4
1759245960000,1.567,0.65,3.533,1.333
1759331100000,,,,
1759422180000,1.05,0.067,3.15,0.95
1759441200000,,,,
1759597050000,0.767,0.817,2.433,0.767
1759678530000,1.017,0.733,2.683,0.633
1759770330000,,,,
1759782000000,,,,
1759858590000,,,,
1759870890000,,,,
1759939200000,1.667,1.117,3.333,1.183
1760111040000,1.4,1.417,2.817,0.567
1760197170000,0.9,0.417,2.4,0.35
1760279850000,0.95,0.683,1.517,0.167
1760453220000,,,,
1760547870000,1.233,1.017,2.417,0.533
1760637420000,,,,
1760722680000,,,,
1760799300000,,,,
1760808900000,0.4,0.517,1.717,1.05
1760978040000,1.5,0.717,1.833,0.15
1761235620000,0.8,0.083,1.617,0.867
1761319440000,,,,
1761405570000,0.867,0.95,2.1,0.433
1761432210000,,,,
1761502290000,,,,
1761580890000,1.15,1.133,1.983,0.633
1761657420000,,,,
1762012410000,0.65,0.4,1.617,0.417
1763125260000,,1.4,,2.783
1763307939000,,1.033,,1.417
1763393785000,,0.983,,2.033
1764521661000,1.367,0.067,1.667,1.851
1764603562000,1.276,0.502,1.238,2.251
1764698273000,0.909,0.367,1.495,1.159
1764770605000,1.834,0.909,2.0,1.78
1764857816000,,0.483,2.0,2.017
1764946318000,1.834,2.22,3.136,1.475
1765026810000,,1.183,2.833,1.183
1765113062000,2.085,1.776,2.521,1.477
1765199464000,1.867,1.35,2.813,1.817
1765295166000,2.375,1.912,2.298,1.786
1765376288000,1.859,1.394,2.196,1.218
1765460740000,1.959,1.276,3.048,2.117
1765552902000,1.7,1.52,2.702,2.412
1765637685000,1.742,2.019,2.835,1.969
1765725407000,2.842,0.467,2.441,2.858
1765809168000,2.034,0.984,1.581,0.959
1765893740000,1.526,1.042,2.932,0.992
1765986022000,1.75,1.117,2.207,1.242
1766070054000,2.55,1.267,1.713,2.009
1766169240000,1.183,0.204,1.096,1.158
1766240162000,2.417,3.051,3.671,2.913
1766340514000,,,3.717,0.983
1766412246000,2.1,1.27,2.633,2.079
1766499998000,1.376,1.842,2.343,1.001
1766585019000,1.767,1.841,1.683,2.643
1766680901000,1.6,0.726,2.5,1.133
1766759773000,,,4.767,2.2
1766848185000,1.475,0.976,2.457,1.751
1766926967000,,,6.867,3.033
1767018709000,1.842,1.534,2.289,2.392
1767106310000,,0.133,1.133,1.783
1767192502000,1.767,1.525,2.327,1.417
1767276054000,2.059,2.143,1.817,1.132
1767368846000,1.809,1.308,1.744,0.975
1767967050000,1.025,0.9,4.017,1.092
1768051680000,1.45,0.433,4.433,2.133
1768134210000,1.283,1.283,4.658,2.292
1768228800000,1.525,0.717,3.65,0.842
1768318020000,1.083,0.683,3.733,1.067
1768392030000,1.3,0.525,3.017,1.358
1768415760000,0.6,0.5,1.75,0.55
1768482540000,0.658,0.117,2.2,0.608
1768918050000,1.067,0.75,3.5,0.967
1769003580000,1.15,1.083,2.883,0.95
1769089500000,1.275,2.283,4.433,1.675
1769182890000,1.467,0.617,3.233,0.983
1769268030000,1.492,0.925,3.525,0.842
1769358660000,,,,
1769431230000,1.767,0.933,4.267,2.517
1769519670000,1.542,1.308,4.292,1.442
1769613420000,1.167,0.567,2.967,1.35
1769697660000,1.275,0.708,3.825,1.225
1769784750000,1.575,0.55,2.85,0.442
1769865480000,1.417,0.792,4.65,2.025
1769932950000,,,,
1769955120000,,,,
1769969430000,0.708,0.767,2.25,0.625
1770037410000,1.442,0.45,3.65,1.492
1770217350000,0.817,0.917,3.867,0.75
1770241860000,,,,
1770302310000,1.283,0.383,3.417,0.783
1770385290000,1.283,0.433,4.125,1.308
1770411600000,,,,
1770474180000,1.25,,2.75,0.6
1770497430000,0.4,0.967,1.883,0.45
1770557880000,1.867,2.283,5.567,1.367
1770649380000,1.733,0.833,3.317,0.983
1770674460000,,,,
1770743970000,1.317,0.683,3.15,1.017
1770823560000,1.292,0.817,3.617,1.108
1770907650000,1.617,0.317,3.383,0.833
1770970710000,,,,
1770997650000,1.358,0.917,4.117,1.775
1771076220000,1.967,1.525,6.4,1.742
1771165500000,1.067,0.383,4.317,1.0
1771254360000,1.133,0.55,4.683,0.917
1771345410000,,,,
1771425000000,1.117,0.567,4.333,1.317
1771598910000,1.483,1.317,3.958,0.958
1771694430000,,,,
1771769100000,0.917,0.35,2.033,0.833
1771790340000,,,,
1771854630000,1.367,0.35,3.667,1.267
1772031840000,1.117,0.05,1.967,0.533
1772112240000,1.3,0.767,4.25,0.883
1772144280000,,,,
1772202570000,1.65,2.0,4.033,0.767
1772293830000,1.3,1.5,3.392,0.775
1772378400000,1.2,0.667,2.067,0.433
1772464590000,1.333,1.833,3.867,0.6
1772631780000,1.417,1.35,2.617,0.283
1772724390000,,,,
1772805870000,1.283,1.717,4.083,0.6
1772888250000,1.867,1.967,5.233,0.983
1772980560000,1.142,1.408,5.075,1.475
