time,spo2_pct,pulse_bpm
2021-04-12T08:26:00Z,96.0,97.0
2021-04-12T12:47:00Z,96.0,88.0
2021-04-12T15:22:00Z,96.0,89.0
2021-04-12T16:09:00Z,93.5,87.0
2021-04-12T17:09:00Z,95.0,84.0
2021-04-12T19:41:00Z,94.0,78.0
2021-04-12T20:41:00Z,96.0,72.0
2021-04-12T21:11:00Z,98.0,74.0
2021-04-12T22:59:00Z,95.0,71.0
2021-04-13T00:00:00Z,95.5,65.5
2021-04-13T01:24:00Z,94.0,77.0
2021-04-13T05:56:00Z,92.0,110.0
2021-04-13T17:12:00Z,90.0,96.0
2021-04-13T17:42:00Z,93.0,94.0
2021-04-13T18:12:00Z,96.0,85.0
2021-04-13T21:29:00Z,94.0,77.0
2021-04-13T22:20:00Z,97.0,81.0
2021-04-13T23:31:00Z,95.0,79.0
2021-04-14T00:01:00Z,97.0,66.0
2021-04-14T01:15:00Z,97.5,75.0
2021-04-14T02:38:00Z,96.0,71.0
2021-04-14T04:00:00Z,97.0,80.0
2021-04-14T05:18:00Z,96.0,75.0
2021-04-15T13:04:00Z,100.0,90.0
2021-04-15T14:26:00Z,96.0,89.0
2021-04-15T15:23:00Z,99.0,88.0
2021-04-15T16:27:00Z,93.0,88.0
2021-04-15T16:57:00Z,94.0,83.0
2021-04-15T17:56:00Z,94.0,76.0
2021-04-15T18:26:00Z,99.5,75.5
2021-04-15T19:26:00Z,96.0,74.0
2021-04-15T20:58:00Z,94.0,77.0
2021-04-15T21:28:00Z,92.0,77.0
2021-04-15T23:47:00Z,96.0,71.0
2021-04-16T00:17:00Z,95.5,70.5
2021-04-16T01:17:00Z,96.0,69.0
2021-04-16T02:53:00Z,98.0,79.0
2021-04-16T03:56:00Z,87.0,91.0
2021-04-16T16:40:00Z,98.0,84.0
2021-04-16T18:10:00Z,98.0,89.0
2021-04-16T19:26:00Z,99.0,82.0
2021-04-16T21:28:00Z,95.5,80.5
2021-04-16T22:28:00Z,96.0,82.0
2021-04-17T04:05:00Z,93.0,84.0
2021-04-17T09:04:00Z,97.0,101.5
2021-04-17T10:30:00Z,93.0,98.0
2021-04-17T13:25:00Z,96.0,90.0
2021-04-17T14:14:00Z,97.5,89.5
2021-04-17T16:55:00Z,96.0,89.0
2021-04-17T17:25:00Z,95.0,79.0
2021-04-17T18:30:00Z,96.0,85.0
2021-04-17T19:00:00Z,97.5,83.5
2021-04-17T20:00:00Z,99.0,78.5
2021-04-17T21:14:00Z,96.0,83.0
2021-04-17T22:06:00Z,96.0,80.5
2021-04-17T23:06:00Z,96.5,76.0
2021-04-18T00:11:00Z,95.0,75.0
2021-04-18T01:16:00Z,96.0,74.5
2021-04-18T02:16:00Z,98.0,76.0
2021-04-18T03:12:00Z,98.5,75.0
2021-04-18T11:31:00Z,95.0,74.0
2021-04-18T16:10:00Z,96.5,77.0
2021-04-18T17:42:00Z,95.0,72.0
2021-04-18T18:12:00Z,96.0,73.0
2021-04-18T19:22:00Z,97.0,67.0
2021-04-18T20:08:00Z,96.5,71.0
2021-04-18T22:18:00Z,95.0,61.0
2021-04-18T23:15:00Z,100.0,72.0
2021-04-18T23:45:00Z,99.0,69.0
2021-04-19T00:45:00Z,96.0,63.0
2021-04-19T01:15:00Z,98.0,73.0
2021-04-19T02:25:00Z,96.0,73.0
2021-04-19T03:23:00Z,91.0,73.0
2021-04-19T07:13:00Z,100.0,105.0
2021-04-19T08:54:00Z,98.0,88.0
2021-04-19T14:44:00Z,100.0,95.0
2021-04-19T15:43:00Z,100.0,87.0
2021-04-19T18:00:00Z,96.0,76.0
2021-04-19T18:30:00Z,94.0,83.0
2021-04-19T19:00:00Z,96.5,75.0
2021-04-19T21:37:00Z,94.0,66.0
2021-04-19T22:07:00Z,96.0,71.0
2021-04-19T23:28:00Z,98.5,69.0
2021-04-20T01:26:00Z,97.0,70.5
2021-04-20T02:26:00Z,98.0,75.0
2021-04-20T03:26:00Z,100.0,70.0
2021-04-20T04:05:00Z,96.0,66.0
2021-04-20T06:19:00Z,97.0,93.0
2021-04-20T07:21:00Z,99.0,98.0
2021-04-20T11:59:00Z,100.0,89.0
2021-04-20T13:19:00Z,96.0,88.0
2021-04-20T17:09:00Z,93.0,73.0
2021-04-20T20:21:00Z,97.5,69.5
2021-04-20T21:21:00Z,95.0,68.0
2021-04-20T22:48:00Z,97.0,71.0
2021-04-20T23:19:00Z,95.0,68.0
2021-04-21T01:07:00Z,96.0,68.5
2021-04-21T02:46:00Z,91.0,58.0
2021-04-21T03:46:00Z,97.0,76.0
2021-04-21T04:22:00Z,98.0,77.0
2021-04-21T07:08:00Z,95.0,78.0
2021-04-21T18:21:00Z,99.0,89.0
2021-04-21T20:05:00Z,94.0,79.0
2021-04-21T21:12:00Z,94.5,81.0
2021-04-21T22:12:00Z,96.0,79.0
2021-04-21T23:44:00Z,93.0,71.0
2021-04-22T00:14:00Z,97.0,76.0
2021-04-22T03:05:00Z,98.0,76.0
2021-04-22T07:58:00Z,98.0,84.0
2021-04-22T09:43:00Z,99.0,85.0
2021-04-22T15:40:00Z,96.0,77.0
2021-04-22T17:28:00Z,95.0,70.0
2021-04-22T19:04:00Z,99.0,61.0
2021-04-22T20:40:00Z,97.0,66.0
2021-04-22T21:10:00Z,95.0,68.0
2021-04-22T22:53:00Z,95.0,66.0
2021-04-22T23:23:00Z,99.0,68.5
2021-04-23T00:23:00Z,97.0,72.5
2021-04-23T02:05:00Z,97.0,71.5
2021-04-23T03:16:00Z,96.5,75.5
2021-04-23T05:50:00Z,98.0,79.0
2021-04-23T17:24:00Z,95.0,83.0
2021-04-23T18:42:00Z,100.0,82.0
2021-04-23T20:55:00Z,94.0,70.0
2021-04-23T21:25:00Z,94.5,73.5
2021-04-23T22:25:00Z,95.0,75.0
2021-04-23T23:08:00Z,93.5,76.5
2021-04-24T00:07:00Z,95.0,72.0
2021-04-24T01:25:00Z,95.5,72.5
2021-04-24T02:32:00Z,97.0,78.0
2021-04-24T03:09:00Z,97.0,80.0
2021-04-24T04:42:00Z,99.0,83.0
2021-04-24T05:43:00Z,96.0,85.0
2021-04-24T18:17:00Z,98.0,93.0
2021-04-24T20:59:00Z,94.0,78.0
2021-04-24T21:29:00Z,95.0,70.0
2021-04-24T23:17:00Z,96.0,74.5
2021-04-25T00:17:00Z,99.0,77.0
2021-04-25T02:06:00Z,96.0,75.0
2021-04-25T03:06:00Z,97.0,75.5
2021-04-25T06:05:00Z,96.0,83.0
2021-04-25T07:07:00Z,98.0,79.5
2021-04-25T09:17:00Z,95.0,70.0
2021-04-25T11:30:00Z,97.0,81.0
2021-04-25T15:36:00Z,100.0,82.0
2021-04-25T16:09:00Z,96.5,83.0
2021-04-25T17:23:00Z,95.0,80.0
2021-04-25T18:56:00Z,95.0,70.0
2021-04-25T19:26:00Z,95.0,76.0
2021-04-25T22:34:00Z,96.0,66.0
2021-04-25T23:04:00Z,96.5,73.5
2021-04-26T16:05:00Z,100.0,81.0
2021-04-26T17:05:00Z,97.0,84.0
2021-04-26T18:15:00Z,96.0,69.0
2021-04-26T18:58:00Z,97.0,74.0
2021-04-26T19:28:00Z,96.0,66.0
2021-04-26T20:28:00Z,98.0,66.0
2021-04-26T21:02:00Z,98.0,67.0
2021-04-26T22:36:00Z,96.0,71.0
2021-04-26T23:06:00Z,97.5,66.0
2021-04-27T00:51:00Z,96.0,63.0
2021-04-27T01:21:00Z,95.5,70.5
2021-04-27T03:09:00Z,96.0,66.0
2021-04-27T04:09:00Z,98.0,70.0
2021-04-27T06:46:00Z,97.0,79.0
2021-04-27T09:24:00Z,98.0,81.0
2021-04-27T15:44:00Z,96.0,89.0
2021-04-27T16:14:00Z,94.0,89.0
2021-04-27T16:44:00Z,93.0,87.0
2021-04-27T17:54:00Z,94.0,80.0
2021-04-27T18:34:00Z,97.0,77.0
2021-04-27T19:30:00Z,96.0,71.0
2021-04-27T20:00:00Z,97.0,75.0
2021-04-27T21:54:00Z,94.0,72.0
2021-04-27T22:24:00Z,95.0,72.0
2021-04-27T23:06:00Z,94.5,65.5
2021-04-28T01:31:00Z,96.0,57.0
2021-04-28T02:01:00Z,97.5,68.0
2021-04-28T07:16:00Z,96.0,85.0
2021-04-29T05:27:00Z,96.0,80.0
2021-04-29T08:08:00Z,99.0,73.0
2021-04-29T16:02:00Z,92.5,72.0
2021-04-29T17:15:00Z,98.0,74.5
2021-04-29T18:15:00Z,96.0,70.0
2021-04-29T18:45:00Z,97.0,71.0
2021-04-29T19:45:00Z,97.0,73.0
2021-04-29T20:41:00Z,97.0,69.0
2021-04-29T23:08:00Z,96.5,77.5
2021-04-30T00:22:00Z,97.5,69.0
2021-04-30T01:53:00Z,95.0,75.0
2021-04-30T05:34:00Z,92.0,94.0
2021-04-30T06:48:00Z,98.0,89.0
2021-04-30T15:58:00Z,98.0,98.0
2021-04-30T16:46:00Z,93.0,98.0
2021-04-30T17:16:00Z,93.0,99.0
2021-04-30T18:26:00Z,96.0,88.0
2021-04-30T19:26:00Z,98.0,86.0
2021-04-30T20:16:00Z,95.5,80.0
2021-04-30T21:16:00Z,96.0,78.0
2021-05-01T13:21:00Z,94.0,81.0
2021-05-01T15:24:00Z,100.0,79.0
2021-05-01T16:09:00Z,96.0,81.5
2021-05-01T18:14:00Z,95.0,69.0
2021-05-01T19:02:00Z,97.0,66.0
2021-05-01T19:32:00Z,96.0,74.0
2021-05-01T20:02:00Z,95.0,73.0
2021-05-01T22:09:00Z,96.5,67.0
2021-05-01T23:09:00Z,95.0,69.0
2021-05-01T23:39:00Z,99.0,70.0
2021-05-02T00:10:00Z,97.0,74.0
2021-05-02T01:40:00Z,98.0,79.0
2021-05-02T02:10:00Z,98.0,82.0
2021-05-02T03:43:00Z,99.0,81.0
2021-05-02T05:44:00Z,98.0,75.0
2021-05-02T09:38:00Z,98.0,92.0
2021-05-02T16:43:00Z,99.0,78.0
2021-05-02T20:12:00Z,96.5,70.5
2021-05-02T21:12:00Z,96.0,71.0
2021-05-02T21:42:00Z,98.0,76.0
2021-05-02T22:12:00Z,97.0,72.0
2021-05-02T23:12:00Z,95.0,73.0
2021-05-03T05:40:00Z,94.0,93.0
2021-05-03T09:03:00Z,97.0,78.0
2021-05-03T09:49:00Z,98.0,87.0
2021-05-03T12:13:00Z,98.0,92.0
2021-05-03T13:14:00Z,96.0,86.0
2021-05-03T14:06:00Z,96.0,91.0
2021-05-03T15:28:00Z,95.0,78.0
2021-05-03T15:58:00Z,96.0,80.0
2021-05-03T16:58:00Z,99.0,78.0
2021-05-03T18:27:00Z,93.5,76.5
2021-05-03T19:27:00Z,97.0,76.0
2021-05-03T20:18:00Z,96.0,73.5
2021-05-03T21:18:00Z,99.0,72.0
2021-05-03T22:29:00Z,96.0,69.0
2021-05-04T00:19:00Z,98.0,71.0
2021-05-04T02:26:00Z,96.0,66.5
2021-05-04T03:26:00Z,97.0,79.0
2021-05-04T13:18:00Z,99.0,85.0
2021-05-04T13:51:00Z,100.0,87.0
2021-05-04T15:34:00Z,96.0,70.0
2021-05-04T16:05:00Z,97.5,78.5
2021-05-04T17:05:00Z,97.0,76.0
2021-05-04T19:32:00Z,97.0,63.0
2021-05-04T20:44:00Z,97.0,63.0
2021-05-04T21:14:00Z,96.5,67.0
2021-05-04T22:28:00Z,97.0,67.0
2021-05-04T23:06:00Z,97.0,65.5
2021-05-05T01:58:00Z,99.0,90.0
2021-05-05T06:23:00Z,99.0,80.0
2021-05-05T13:07:00Z,92.0,83.0
2021-05-05T14:11:00Z,100.0,82.0
2021-05-05T15:13:00Z,97.5,74.0
2021-05-05T16:13:00Z,96.0,74.0
2021-05-05T16:43:00Z,96.0,74.0
2021-05-05T17:13:00Z,99.0,73.0
2021-05-05T18:52:00Z,95.0,72.0
2021-05-05T20:22:00Z,95.5,65.5
2021-05-05T21:23:00Z,98.5,71.0
2021-05-05T22:35:00Z,96.0,75.0
2021-05-05T23:05:00Z,98.0,71.0
2021-05-06T10:03:00Z,100.0,90.0
2021-05-06T13:56:00Z,94.0,75.0
2021-05-06T14:26:00Z,95.0,70.0
2021-05-06T15:43:00Z,95.0,63.0
2021-05-06T16:13:00Z,95.0,70.5
2021-05-06T17:14:00Z,98.0,66.0
2021-05-06T18:18:00Z,96.5,69.0
2021-05-06T19:18:00Z,99.0,70.0
2021-05-06T20:01:00Z,95.0,65.0
2021-05-06T21:11:00Z,96.5,66.0
2021-05-06T22:20:00Z,96.0,67.0
2021-05-07T00:10:00Z,98.0,69.5
2021-05-07T01:28:00Z,94.0,80.0
2021-05-07T03:24:00Z,98.0,85.5
2021-05-07T06:38:00Z,97.0,74.0
2021-05-07T11:29:00Z,92.0,76.0
2021-05-07T13:27:00Z,99.0,87.0
2021-05-07T15:27:00Z,96.5,73.5
2021-05-07T16:27:00Z,96.5,73.0
2021-05-07T18:10:00Z,97.5,66.0
2021-05-08T07:16:00Z,96.0,75.0
2021-05-08T11:22:00Z,96.0,83.0
2021-05-08T12:25:00Z,97.0,77.0
2021-05-08T13:25:00Z,97.0,78.0
2021-05-08T14:49:00Z,95.0,77.0
2021-05-08T15:19:00Z,97.0,82.0
2021-05-08T15:49:00Z,96.0,79.0
2021-05-08T16:19:00Z,96.0,75.0
2021-05-08T17:19:00Z,97.5,71.5
2021-05-08T18:30:00Z,97.0,66.0
2021-05-08T19:00:00Z,97.0,63.5
2021-05-08T20:38:00Z,97.0,72.0
2021-05-08T21:08:00Z,97.0,73.0
2021-05-08T22:08:00Z,97.5,66.0
2021-05-08T23:43:00Z,95.0,72.0
2021-05-09T00:13:00Z,95.0,71.0
2021-05-09T15:31:00Z,96.0,68.0
2021-05-09T16:44:00Z,96.0,73.0
2021-05-09T17:14:00Z,96.0,72.0
2021-05-09T18:14:00Z,95.0,71.0
2021-05-09T19:09:00Z,92.0,69.0
2021-05-09T19:39:00Z,98.0,69.0
2021-05-09T20:09:00Z,98.0,64.5
2021-05-09T21:09:00Z,95.0,69.0
2021-05-09T22:20:00Z,96.0,64.0
2021-05-09T22:52:00Z,98.0,72.0
2021-05-09T23:36:00Z,98.0,70.0
2021-05-10T11:44:00Z,94.0,85.0
2021-05-10T15:51:00Z,95.0,72.0
2021-05-10T16:21:00Z,96.0,70.0
2021-05-10T17:29:00Z,96.0,74.0
2021-05-10T18:00:00Z,96.0,75.5
2021-05-10T19:30:00Z,97.0,80.0
2021-05-10T21:32:00Z,96.0,70.0
2021-05-10T22:18:00Z,94.5,69.0
2021-05-11T00:07:00Z,95.0,70.0
2021-05-11T01:40:00Z,93.0,68.0
2021-05-11T02:52:00Z,93.0,80.0
2021-05-11T03:54:00Z,97.0,80.0
2021-05-11T05:01:00Z,98.0,79.5
2021-05-11T12:03:00Z,97.0,93.0
2021-05-11T15:09:00Z,94.0,74.0
2021-05-11T15:39:00Z,92.0,81.0
2021-05-11T16:09:00Z,95.0,76.5
2021-05-11T17:32:00Z,94.0,71.0
2021-05-11T18:53:00Z,95.0,70.0
2021-05-11T19:23:00Z,93.0,75.0
2021-05-11T20:23:00Z,100.0,71.0
2021-05-11T21:01:00Z,97.0,73.0
2021-05-11T22:05:00Z,93.5,68.5
2021-05-12T03:38:00Z,94.0,70.0
2021-05-12T14:04:00Z,95.0,77.5
2021-05-12T15:12:00Z,95.5,74.5
2021-05-12T16:12:00Z,97.0,74.5
2021-05-12T17:13:00Z,94.0,71.0
2021-05-12T20:18:00Z,95.0,64.5
2021-05-12T22:44:00Z,98.0,68.0
2021-05-12T23:14:00Z,95.0,70.0
2021-05-14T05:29:00Z,99.0,78.0
2021-05-14T16:53:00Z,98.0,81.0
2021-05-14T19:42:00Z,92.0,80.0
2021-05-14T20:42:00Z,92.0,82.0
2021-05-14T21:49:00Z,97.0,74.0
2021-05-15T00:03:00Z,94.0,74.5
2021-05-15T01:03:00Z,96.0,77.0
2021-05-15T02:42:00Z,94.0,66.0
2021-05-15T03:12:00Z,95.5,75.0
2021-05-15T17:07:00Z,96.0,100.0
2021-05-16T09:03:00Z,96.0,72.0
2021-05-16T11:01:00Z,95.5,69.5
2021-05-16T13:16:00Z,95.0,82.0
2021-05-16T17:56:00Z,95.0,63.0
2021-05-16T18:56:00Z,96.0,73.0
2021-05-16T21:19:00Z,93.0,62.0
2021-05-16T22:18:00Z,94.5,64.0
2021-05-16T23:18:00Z,93.0,66.0
2021-05-17T00:18:00Z,97.0,64.0
2021-05-17T14:51:00Z,99.0,85.0
2021-05-17T15:47:00Z,95.0,88.0
2021-05-17T16:17:00Z,93.5,83.5
2021-05-17T17:17:00Z,95.0,85.0
2021-05-17T19:30:00Z,93.0,73.0
2021-05-17T20:00:00Z,98.0,77.5
2021-05-17T21:00:00Z,96.0,71.0
2021-05-17T21:30:00Z,95.0,71.0
2021-05-17T22:00:00Z,96.0,71.0
2021-05-17T23:27:00Z,98.0,66.0
2021-05-18T00:27:00Z,97.0,66.0
2021-05-18T00:57:00Z,95.0,66.0
2021-05-18T02:23:00Z,96.0,70.5
2021-05-18T04:01:00Z,100.0,71.0
2021-05-18T06:11:00Z,99.0,81.0
2021-05-18T16:41:00Z,100.0,80.0
2021-05-18T19:27:00Z,95.5,66.5
2021-05-18T20:27:00Z,97.0,66.0
2021-05-18T21:27:00Z,96.0,70.0
2021-05-19T02:26:00Z,96.0,89.0
2021-05-19T08:13:00Z,96.0,86.0
2021-05-19T12:26:00Z,97.0,81.0
2021-05-19T13:20:00Z,99.0,91.0
2021-05-19T19:00:00Z,91.5,78.0
2021-05-19T20:00:00Z,95.5,76.5
2021-05-19T21:16:00Z,96.0,76.0
2021-05-19T22:58:00Z,96.0,65.0
2021-05-19T23:28:00Z,97.0,78.0
2021-05-20T00:02:00Z,94.0,70.0
2021-05-20T02:12:00Z,99.0,89.0
2021-05-20T13:40:00Z,98.0,89.0
2021-05-20T15:14:00Z,95.5,77.0
2021-05-20T17:38:00Z,97.0,72.0
2021-05-20T18:55:00Z,98.0,65.0
2021-05-20T19:25:00Z,97.0,70.5
2021-05-20T21:56:00Z,95.0,64.0
2021-05-20T22:26:00Z,96.0,66.0
2021-05-20T23:24:00Z,98.0,70.0
2021-05-23T09:00:00Z,99.0,83.0
2021-05-23T12:40:00Z,99.0,95.0
2021-05-23T13:58:00Z,100.0,95.0
2021-05-23T16:01:00Z,97.0,97.0
2021-05-23T18:23:00Z,96.0,71.0
2021-05-23T19:22:00Z,96.0,70.0
2021-05-23T20:25:00Z,100.0,75.0
2021-05-23T21:48:00Z,91.0,71.0
2021-05-23T22:19:00Z,95.0,71.0
2021-05-23T22:55:00Z,98.0,64.0
2021-05-23T23:25:00Z,92.0,73.0
2021-05-24T00:27:00Z,96.0,71.0
2021-05-24T02:55:00Z,98.0,82.0
2021-05-24T05:52:00Z,95.0,75.0
2021-05-24T06:53:00Z,97.0,77.0
2021-05-24T08:02:00Z,98.0,78.0
2021-05-24T09:08:00Z,97.0,71.0
2021-05-24T13:55:00Z,94.0,95.0
2021-05-24T14:38:00Z,98.0,88.0
2021-05-24T16:21:00Z,96.0,69.0
2021-05-24T17:21:00Z,96.0,73.0
2021-05-24T18:44:00Z,96.0,71.0
2021-05-24T19:14:00Z,95.5,79.0
2021-05-24T21:13:00Z,95.0,73.0
2021-05-24T23:22:00Z,96.0,72.0
2021-05-24T23:52:00Z,93.0,71.0
2021-05-25T00:57:00Z,97.0,70.0
2021-05-25T01:27:00Z,97.0,74.0
2021-05-25T02:04:00Z,96.5,69.0
2021-05-28T10:55:00Z,95.0,100.0
2021-05-28T17:46:00Z,97.0,93.0
2021-05-28T19:02:00Z,94.5,91.5
2021-05-28T20:02:00Z,95.0,95.0
2021-05-28T20:39:00Z,93.0,91.0
2021-05-28T21:09:00Z,93.0,93.0
2021-05-28T22:09:00Z,94.0,85.0
2021-05-28T23:24:00Z,95.0,83.0
2021-05-29T01:10:00Z,96.0,75.0
2021-05-29T02:10:00Z,95.0,75.0
2021-05-29T03:10:00Z,100.0,72.0
2021-05-29T04:18:00Z,97.0,72.0
2021-05-29T04:57:00Z,99.0,78.0
2021-05-29T05:59:00Z,96.0,71.0
2021-05-29T06:38:00Z,97.0,71.0
2021-05-29T08:48:00Z,99.0,89.0
2021-05-31T07:15:00Z,92.0,83.0
2021-05-31T12:48:00Z,98.0,105.0
2021-05-31T14:51:00Z,95.0,84.0
2021-05-31T15:21:00Z,95.0,86.0
2021-05-31T16:04:00Z,92.0,82.0
2021-05-31T17:05:00Z,96.0,73.0
2021-05-31T18:43:00Z,94.0,72.0
2021-05-31T19:13:00Z,98.5,69.0
2021-05-31T20:14:00Z,96.0,64.0
2021-05-31T23:24:00Z,98.0,70.0
2021-06-01T00:24:00Z,99.0,69.0
2021-06-01T01:24:00Z,94.0,70.0
2021-06-01T03:54:00Z,95.0,89.0
2021-06-01T13:29:00Z,99.0,74.0
2021-06-01T14:00:00Z,96.0,81.0
2021-06-01T14:36:00Z,95.0,86.0
2021-06-01T16:12:00Z,97.0,79.0
2021-06-01T19:09:00Z,98.0,67.5
2021-06-01T20:10:00Z,93.0,70.0
2021-06-01T20:40:00Z,95.0,66.0
2021-06-04T07:29:00Z,95.0,86.0
2021-06-04T20:03:00Z,98.0,79.0
2021-06-04T22:33:00Z,92.0,77.0
2021-06-05T00:39:00Z,98.0,70.0
2021-06-05T01:09:00Z,93.5,74.0
2021-06-05T02:09:00Z,96.5,70.0
2021-06-05T04:08:00Z,95.0,75.0
2021-06-05T07:29:00Z,97.0,72.0
2021-06-06T03:43:00Z,93.0,70.0
2021-06-06T05:20:00Z,100.0,79.0
2021-06-06T06:09:00Z,98.0,73.0
2021-06-06T16:31:00Z,97.0,90.0
2021-06-06T17:24:00Z,97.0,78.0
2021-06-06T19:30:00Z,95.0,78.0
2021-06-06T20:32:00Z,94.0,71.0
2021-06-08T16:50:00Z,96.0,79.0
2021-06-08T17:20:00Z,93.0,86.0
2021-06-08T20:04:00Z,96.0,74.0
2021-06-08T20:34:00Z,94.0,76.0
2021-06-08T21:04:00Z,93.5,73.5
2021-06-08T22:13:00Z,96.5,71.5
2021-06-09T01:01:00Z,96.5,70.5
2021-06-09T02:01:00Z,95.0,69.5
2021-06-09T03:25:00Z,98.0,68.0
2021-06-09T04:03:00Z,96.0,63.0
2021-06-09T05:04:00Z,96.0,72.0
2021-06-09T06:08:00Z,99.0,76.0
2021-06-09T06:38:00Z,97.0,73.0
2021-06-09T12:24:00Z,98.0,81.0
2021-06-10T19:55:00Z,97.0,77.0
2021-06-10T20:25:00Z,96.0,76.5
2021-06-10T21:42:00Z,95.0,73.0
2021-06-10T22:14:00Z,95.5,74.0
2021-06-10T23:40:00Z,97.0,83.0
2021-06-11T00:10:00Z,98.5,78.0
2021-06-11T01:10:00Z,99.5,76.0
2021-06-11T06:14:00Z,96.0,80.0
2021-06-11T06:44:00Z,98.0,92.0
2021-06-11T16:32:00Z,98.0,82.0
2021-06-11T18:05:00Z,95.0,91.0
2021-06-16T07:54:00Z,99.0,83.0
2021-06-16T15:57:00Z,100.0,87.0
2021-06-16T20:46:00Z,93.0,81.0
2021-06-16T21:24:00Z,95.0,83.0
2021-06-16T22:39:00Z,92.0,74.0
2021-06-16T23:09:00Z,91.0,78.0
2021-06-17T00:13:00Z,92.0,74.0
2021-06-17T01:14:00Z,96.5,72.0
2021-06-17T02:44:00Z,93.0,70.0
2021-06-17T03:33:00Z,96.0,66.0
2021-06-17T05:12:00Z,97.0,73.0
2021-06-17T06:57:00Z,94.0,76.0
2021-06-17T10:24:00Z,100.0,79.0
2021-06-17T12:31:00Z,100.0,73.0
2021-06-17T15:11:00Z,96.0,84.0
2021-06-20T16:01:00Z,96.0,74.5
2021-06-20T17:01:00Z,96.5,71.0
2021-06-20T18:01:00Z,95.5,69.0
2021-06-20T20:08:00Z,94.5,60.5
2021-06-20T22:08:00Z,97.0,63.0
2021-06-21T00:20:00Z,97.0,70.0
2021-06-21T01:30:00Z,96.0,68.0
2021-06-21T03:52:00Z,97.0,81.0
2021-06-21T04:57:00Z,99.0,76.0
2021-06-21T06:13:00Z,97.0,73.0
2021-06-21T07:12:00Z,97.0,74.0
2021-06-21T08:19:00Z,96.0,67.0
2021-06-21T09:11:00Z,99.0,78.0
2021-06-21T10:48:00Z,92.0,78.0
2021-06-21T18:36:00Z,95.0,76.0
2021-06-21T19:06:00Z,96.5,80.0
2021-06-21T20:25:00Z,96.0,74.0
2021-06-21T21:36:00Z,95.0,66.0
2021-06-21T22:06:00Z,97.0,71.0
2021-06-21T23:46:00Z,98.0,64.0
2021-06-22T00:16:00Z,97.5,68.0
2021-06-22T01:16:00Z,97.0,64.0
2021-06-22T01:46:00Z,97.0,64.0
2021-06-22T02:16:00Z,99.0,67.0
2021-06-22T03:29:00Z,94.5,68.5
2021-06-22T04:29:00Z,97.0,74.0
2021-07-01T15:43:00Z,95.0,73.0
2021-07-01T16:42:00Z,98.0,77.0
2021-07-01T17:43:00Z,99.0,72.0
2021-07-01T18:13:00Z,97.0,81.0
2021-07-01T19:36:00Z,94.0,65.0
2021-07-01T20:36:00Z,94.0,71.0
2021-07-01T21:06:00Z,96.0,70.0
2021-07-01T22:06:00Z,92.5,65.0
2021-07-01T23:06:00Z,100.0,70.0
2021-07-01T23:36:00Z,100.0,71.0
2021-07-02T00:55:00Z,94.0,65.0
2021-07-02T01:27:00Z,99.0,58.0
2021-07-02T02:18:00Z,94.5,66.0
2021-07-02T03:18:00Z,99.5,66.0
2021-07-02T05:16:00Z,95.0,77.0
2021-07-03T01:25:00Z,94.0,85.0
2021-07-03T07:44:00Z,98.0,80.0
2021-07-03T08:23:00Z,100.0,80.0
2021-07-03T11:08:00Z,100.0,74.0
2021-07-03T12:05:00Z,95.0,78.0
2021-07-04T04:48:00Z,93.0,82.0
2021-07-04T10:36:00Z,99.0,87.0
2021-07-04T11:47:00Z,97.0,82.0
2021-07-04T14:15:00Z,98.0,95.0
2021-07-04T16:52:00Z,89.0,77.0
2021-07-04T17:22:00Z,97.0,77.0
2021-07-04T19:22:00Z,88.0,68.0
2021-07-04T20:51:00Z,93.0,70.0
2021-07-04T21:22:00Z,96.5,73.5
2021-07-04T22:53:00Z,97.0,68.0
2021-07-04T23:54:00Z,99.0,66.0
2021-07-05T00:24:00Z,95.0,77.0
2021-07-05T07:41:00Z,93.0,72.0
2021-07-05T09:46:00Z,100.0,82.0
2021-07-06T16:06:00Z,99.0,93.0
2021-07-06T18:13:00Z,96.0,78.0
2021-07-06T19:13:00Z,100.0,72.0
2021-07-06T21:20:00Z,95.5,71.5
2021-07-07T00:19:00Z,97.0,67.5
2021-07-07T07:16:00Z,97.0,87.0
2021-07-07T17:39:00Z,100.0,82.0
2021-07-07T18:10:00Z,94.0,85.0
2021-07-07T18:40:00Z,96.0,90.0
2021-07-07T19:10:00Z,97.0,80.0
2021-07-07T20:45:00Z,97.0,85.0
2021-07-07T21:15:00Z,96.0,82.0
2021-07-07T22:47:00Z,97.0,78.0
2021-07-07T23:17:00Z,97.0,79.0
2021-07-08T00:33:00Z,99.0,77.0
2021-07-11T08:46:00Z,96.0,78.0
2021-07-11T10:48:00Z,98.0,81.0
2021-07-11T11:55:00Z,99.0,85.0
2021-07-11T12:25:00Z,87.0,80.0
2021-07-11T13:25:00Z,100.0,76.0
2021-07-11T16:50:00Z,96.0,65.0
2021-07-11T18:08:00Z,95.0,69.5
2021-07-11T19:47:00Z,96.0,62.0
2021-07-11T20:47:00Z,98.0,67.0
2021-07-11T21:17:00Z,96.5,65.0
2021-07-11T22:18:00Z,95.0,64.0
2021-07-12T00:39:00Z,96.0,76.0
2021-07-12T12:38:00Z,97.0,79.0
2021-07-12T14:59:00Z,92.0,76.0
2021-07-12T16:28:00Z,97.0,79.5
2021-07-12T18:16:00Z,95.0,63.0
2021-07-12T19:16:00Z,93.0,69.0
2021-07-12T20:40:00Z,94.0,64.0
2021-07-12T21:40:00Z,97.0,70.0
2021-07-12T23:35:00Z,100.0,75.0
2021-07-13T05:06:00Z,95.0,83.0
2021-07-13T06:57:00Z,96.0,75.0
2021-07-13T07:45:00Z,98.0,73.0
2021-07-13T08:16:00Z,96.0,75.0
2021-07-16T14:04:00Z,97.0,91.5
2021-07-16T15:25:00Z,95.0,89.5
2021-07-16T16:25:00Z,97.0,88.0
2021-07-16T17:26:00Z,95.0,76.5
2021-07-16T18:26:00Z,94.5,74.0
2021-07-16T19:47:00Z,96.0,66.0
2021-07-16T20:48:00Z,96.0,69.0
2021-07-16T21:18:00Z,96.5,71.0
2021-07-16T22:35:00Z,96.0,65.0
2021-07-16T23:05:00Z,97.0,76.0
2021-07-16T23:35:00Z,96.0,74.0
2021-07-17T02:36:00Z,96.0,73.0
2021-07-17T03:39:00Z,98.0,72.0
2021-07-19T03:49:00Z,97.0,80.0
2021-07-19T04:21:00Z,96.0,70.0
2021-07-19T05:34:00Z,95.0,87.0
2021-07-19T11:19:00Z,97.0,85.0
2021-07-19T14:11:00Z,98.0,84.0
2021-07-19T16:34:00Z,97.0,70.0
2021-07-19T17:04:00Z,96.0,80.0
2021-07-19T17:34:00Z,96.0,80.0
2021-07-19T19:20:00Z,97.0,73.0
2021-07-19T20:19:00Z,97.5,70.0
2021-07-19T21:19:00Z,97.0,68.0
2021-07-19T21:49:00Z,95.0,68.0
2021-07-19T23:17:00Z,96.0,65.0
2021-07-20T00:17:00Z,97.0,72.0
2021-07-20T01:10:00Z,96.5,73.0
2021-07-20T03:12:00Z,87.0,82.0
2021-07-20T13:09:00Z,96.0,81.0
2021-07-20T15:55:00Z,96.0,82.0
2021-07-20T16:26:00Z,95.5,79.5
2021-07-20T18:49:00Z,97.0,72.0
2021-07-24T13:50:00Z,95.0,76.0
2021-07-24T14:20:00Z,95.5,84.5
2021-07-24T15:20:00Z,96.0,78.0
2021-07-24T16:05:00Z,95.0,71.0
2021-07-24T16:35:00Z,97.0,78.0
2021-07-24T17:05:00Z,89.0,74.0
2021-07-24T18:21:00Z,95.5,67.5
2021-07-24T19:27:00Z,93.0,66.0
2021-07-24T20:27:00Z,94.0,69.0
2021-07-24T21:57:00Z,94.0,69.0
2021-07-24T22:57:00Z,96.0,67.0
2021-07-25T00:09:00Z,96.0,65.0
2021-07-25T01:23:00Z,94.5,71.5
2021-07-25T03:54:00Z,85.0,81.0
2021-07-25T16:26:00Z,92.0,66.0
2021-07-25T17:02:00Z,97.0,73.0
2021-07-25T18:41:00Z,90.0,67.0
2021-07-25T20:15:00Z,94.0,58.0
2021-07-25T20:45:00Z,97.0,70.0
2021-07-25T22:00:00Z,97.5,61.5
2021-07-25T23:30:00Z,98.0,68.0
2021-07-26T00:27:00Z,99.0,69.0
2021-07-27T07:43:00Z,97.0,89.0
2021-07-27T23:47:00Z,96.0,74.0
2021-07-28T05:16:00Z,94.0,87.0
2021-07-28T06:29:00Z,95.0,81.0
2021-07-28T09:04:00Z,97.0,91.0
2021-07-28T16:45:00Z,96.0,83.0
2021-07-28T17:47:00Z,95.0,71.0
2021-07-28T18:18:00Z,98.0,71.0
2021-07-28T19:00:00Z,95.0,72.0
2021-07-28T19:30:00Z,98.0,74.0
2021-07-28T20:00:00Z,97.0,71.5
2021-07-28T22:01:00Z,96.5,73.0
2021-07-28T23:01:00Z,96.0,73.5
2021-07-29T00:04:00Z,97.0,68.0
2021-07-30T14:41:00Z,99.0,89.0
2021-07-30T16:05:00Z,95.0,93.0
2021-07-30T16:55:00Z,97.0,94.0
2021-07-30T17:25:00Z,95.5,84.5
2021-07-30T18:25:00Z,96.0,81.0
2021-07-30T19:56:00Z,98.0,70.0
2021-07-30T20:58:00Z,95.0,77.0
2021-07-30T21:58:00Z,92.0,75.0
2021-07-30T22:34:00Z,97.0,75.0
2021-07-30T23:04:00Z,100.0,72.0
2021-07-31T00:24:00Z,97.0,68.5
2021-07-31T01:55:00Z,94.0,68.0
2021-07-31T06:39:00Z,91.0,85.0
2021-07-31T10:23:00Z,91.0,74.0
2021-07-31T13:52:00Z,96.0,80.0
2021-08-01T01:14:00Z,94.0,78.0
2021-08-01T02:27:00Z,96.0,76.0
2021-08-01T05:09:00Z,95.0,82.0
2021-08-01T06:10:00Z,97.0,71.0
2021-08-01T08:25:00Z,94.0,78.0
2021-08-01T10:22:00Z,94.5,91.5
2021-08-01T14:53:00Z,100.0,83.0
2021-08-01T15:23:00Z,90.0,85.0
2021-08-01T15:53:00Z,94.0,79.0
2021-08-01T17:39:00Z,96.0,75.0
2021-08-01T18:09:00Z,90.5,74.0
2021-08-01T19:09:00Z,92.0,78.0
2021-08-01T19:40:00Z,94.0,60.0
2021-08-01T20:10:00Z,93.5,72.0
2021-08-01T21:51:00Z,92.0,67.0
2021-08-01T23:55:00Z,96.0,70.0
2021-08-02T00:25:00Z,96.0,73.0
2021-08-02T01:01:00Z,96.0,69.0
2021-08-02T02:12:00Z,99.0,78.0
2021-08-02T03:26:00Z,99.0,88.0
2021-08-02T04:36:00Z,96.0,80.0
2021-08-02T05:51:00Z,95.0,79.0
2021-08-02T06:21:00Z,96.5,73.5
2021-08-02T08:52:00Z,100.0,75.0
2021-08-02T09:34:00Z,97.0,77.0
2021-08-02T10:35:00Z,92.0,76.0
2021-08-02T12:38:00Z,97.0,94.0
2021-08-03T03:16:00Z,96.5,80.5
2021-08-03T05:17:00Z,98.0,87.0
2021-08-03T07:28:00Z,86.0,76.0
2021-08-03T09:04:00Z,94.0,83.5
2021-08-03T10:56:00Z,96.0,84.0
2021-08-03T11:28:00Z,96.0,80.0
2021-08-03T14:27:00Z,97.0,86.0
2021-08-03T17:02:00Z,95.0,70.0
2021-08-03T18:13:00Z,97.0,73.5
2021-08-03T19:13:00Z,98.0,71.0
2021-08-03T20:26:00Z,98.0,71.0
2021-08-03T21:34:00Z,96.0,66.0
2021-08-03T23:20:00Z,98.0,69.0
2021-08-03T23:52:00Z,97.0,68.0
2021-08-04T00:45:00Z,80.0,80.0
2021-08-04T03:54:00Z,99.0,83.0
2021-08-04T05:24:00Z,95.0,83.0
2021-08-04T07:49:00Z,88.0,86.0
2021-08-06T00:41:00Z,94.0,77.0
2021-08-06T03:43:00Z,97.0,74.0
2021-08-06T09:33:00Z,98.0,94.0
2021-08-06T13:26:00Z,100.0,79.0
2021-08-06T14:15:00Z,98.0,87.0
2021-08-06T16:01:00Z,95.0,78.5
2021-08-06T17:03:00Z,95.5,82.0
2021-08-06T18:03:00Z,95.0,78.0
2021-08-06T20:22:00Z,99.0,71.0
2021-08-06T21:22:00Z,96.0,71.0
2021-08-06T22:52:00Z,98.0,74.0
2021-08-06T23:32:00Z,96.0,70.0
2021-08-07T00:07:00Z,94.0,64.0
2021-08-07T00:39:00Z,94.0,70.0
2021-08-07T01:20:00Z,97.0,76.0
2021-08-07T05:08:00Z,91.0,87.0
2021-08-07T13:01:00Z,100.0,89.5
2021-08-07T14:37:00Z,100.0,84.0
2021-08-07T15:07:00Z,93.5,79.0
2021-08-07T16:37:00Z,100.0,76.0
2021-08-07T17:41:00Z,95.0,73.0
2021-08-07T18:12:00Z,95.0,71.0
2021-08-07T19:55:00Z,94.0,62.0
2021-08-07T20:25:00Z,95.0,74.0
2021-08-07T21:52:00Z,95.0,68.0
2021-08-07T22:51:00Z,98.0,70.0
2021-08-07T23:49:00Z,98.0,66.0
2021-08-08T00:56:00Z,97.0,73.0
2021-08-08T02:00:00Z,94.0,78.0
2021-08-08T07:42:00Z,100.0,78.0
2021-08-08T08:21:00Z,98.0,78.0
2021-08-08T10:38:00Z,97.0,87.0
2021-08-08T13:55:00Z,99.0,88.0
2021-08-08T14:52:00Z,98.0,90.0
2021-08-08T15:22:00Z,93.5,81.5
2021-08-08T17:06:00Z,94.0,71.0
2021-08-08T18:33:00Z,97.0,76.0
2021-08-08T19:03:00Z,95.0,75.0
2021-08-08T20:23:00Z,98.0,66.0
2021-08-08T20:53:00Z,98.0,70.0
2021-08-08T21:23:00Z,95.0,72.0
2021-08-08T22:22:00Z,100.0,66.0
2021-08-08T23:41:00Z,97.0,71.0
2021-08-09T00:11:00Z,97.0,69.0
2021-08-09T03:49:00Z,96.0,82.0
2021-08-09T04:18:00Z,100.0,83.0
2021-08-25T08:46:00Z,96.0,88.0
2021-08-25T14:01:00Z,99.0,85.0
2021-08-25T15:46:00Z,94.0,86.0
2021-08-25T16:17:00Z,96.0,89.0
2021-08-25T17:41:00Z,95.0,83.0
2021-08-25T18:11:00Z,91.0,82.0
2021-08-25T19:42:00Z,96.0,74.0
2021-08-25T20:12:00Z,94.5,74.5
2021-08-25T21:13:00Z,96.5,74.5
2021-08-25T23:22:00Z,95.5,68.5
2021-08-26T00:54:00Z,97.0,66.0
2021-08-26T01:24:00Z,98.0,76.0
2021-08-26T02:15:00Z,97.0,73.0
2021-08-26T03:30:00Z,95.0,70.0
2021-08-26T05:39:00Z,97.0,71.0
2021-08-26T08:09:00Z,100.0,88.0
2021-08-26T11:25:00Z,98.0,86.0
2021-08-26T13:05:00Z,96.0,83.0
2021-08-26T14:12:00Z,97.5,81.0
2021-08-26T15:29:00Z,94.0,78.0
2021-08-26T16:25:00Z,97.0,69.0
2021-08-26T17:25:00Z,99.0,69.0
2021-08-26T18:06:00Z,98.0,69.0
2021-08-26T18:36:00Z,97.0,68.0
2021-08-30T00:29:00Z,98.0,72.0
2021-08-30T01:00:00Z,97.5,73.0
2021-08-30T02:58:00Z,97.0,67.0
2021-08-30T04:11:00Z,94.0,58.0
2021-08-30T04:41:00Z,97.0,78.0
2021-08-30T08:46:00Z,94.0,100.0
2021-08-30T10:26:00Z,96.0,91.0
2021-08-30T13:53:00Z,97.0,94.0
2021-08-30T14:51:00Z,95.0,94.0
2021-08-30T16:31:00Z,96.0,74.0
2021-08-30T17:01:00Z,98.0,78.0
2021-08-30T18:14:00Z,96.5,74.5
2021-08-30T19:27:00Z,96.0,73.0
2021-08-30T20:49:00Z,95.0,69.0
2021-08-30T21:19:00Z,96.0,72.0
2021-08-30T23:19:00Z,96.0,71.0
2021-08-31T01:27:00Z,100.0,90.0
2021-08-31T02:28:00Z,98.0,84.0
2021-08-31T05:09:00Z,98.0,87.0
2021-08-31T09:39:00Z,97.0,85.0
2021-08-31T10:14:00Z,98.0,88.0
2021-09-01T17:37:00Z,95.0,78.0
2021-09-01T18:07:00Z,96.0,78.0
2021-09-01T19:08:00Z,98.0,73.0
2021-09-01T20:35:00Z,96.0,73.0
2021-09-01T21:29:00Z,94.5,79.0
2021-09-01T22:52:00Z,95.0,65.0
2021-09-01T23:22:00Z,89.5,74.5
2021-09-02T00:24:00Z,99.0,63.0
2021-09-02T02:01:00Z,98.0,63.0
2021-09-02T03:00:00Z,97.0,79.0
2021-09-02T07:35:00Z,100.0,89.0
2021-09-02T08:39:00Z,100.0,86.0
2021-09-02T14:12:00Z,97.0,80.0
2021-09-02T14:42:00Z,94.0,80.0
2021-09-02T15:37:00Z,96.0,69.0
2021-09-02T16:07:00Z,96.0,70.5
2021-09-02T17:07:00Z,97.0,72.0
2021-09-02T17:37:00Z,96.0,67.0
2021-09-02T20:42:00Z,95.0,71.0
2021-09-02T21:52:00Z,100.0,66.0
2021-09-02T23:27:00Z,90.0,70.0
2021-09-03T00:41:00Z,91.0,69.0
2021-09-03T02:12:00Z,96.0,77.0
2025-06-01T15:15:00Z,95.0,
2025-06-01T20:26:00Z,93.0,
2025-06-02T19:32:00Z,92.0,
2025-06-02T21:24:00Z,94.0,
2025-06-03T16:30:00Z,93.0,
2025-06-03T18:53:00Z,96.0,
2025-06-04T14:53:00Z,96.0,
2025-06-04T19:41:00Z,95.0,
2025-06-05T15:46:00Z,94.0,
2025-06-05T18:44:00Z,91.0,
2025-06-06T00:45:00Z,95.0,
2025-06-07T17:56:00Z,96.0,
2025-06-07T21:14:00Z,94.0,
2025-06-07T23:35:00Z,94.0,
2025-06-08T16:26:00Z,96.0,
2025-06-08T19:20:00Z,96.0,
2025-06-09T16:08:00Z,94.0,
2025-06-09T20:31:00Z,93.0,
2025-06-11T06:17:00Z,95.0,
2025-06-11T16:36:00Z,94.0,
2025-06-12T15:51:00Z,95.0,
2025-06-12T17:57:00Z,95.0,
2025-06-12T19:53:00Z,94.0,
2025-06-13T15:46:00Z,95.0,
2025-06-13T19:00:00Z,92.0,
2025-06-13T22:03:00Z,92.0,
2025-06-13T23:39:00Z,93.0,
2025-06-14T15:10:00Z,93.0,
2025-06-16T17:12:00Z,95.0,
2025-06-17T14:10:00Z,95.0,
2025-06-17T17:27:00Z,90.0,
2025-06-17T20:19:00Z,95.0,
2025-06-17T23:09:00Z,95.0,
2025-06-18T15:30:00Z,93.0,
2025-06-18T19:58:00Z,96.0,
2025-06-18T22:13:00Z,95.0,
2025-06-19T10:17:00Z,72.0,
2025-06-19T15:13:00Z,96.0,
2025-06-20T15:06:00Z,94.0,
2025-06-21T13:08:00Z,94.0,
2025-06-21T16:57:00Z,94.0,
2025-06-21T19:24:00Z,94.0,
2025-06-22T14:31:00Z,94.0,
2025-06-22T20:56:00Z,93.0,
2025-06-22T22:21:00Z,96.0,
2025-06-23T16:30:00Z,96.0,
2025-06-23T20:12:00Z,95.0,
2025-06-25T15:22:00Z,95.0,
2025-06-25T18:25:00Z,96.0,
2025-06-25T20:51:00Z,94.0,
2025-06-26T14:49:00Z,94.0,
2025-06-26T19:53:00Z,96.0,
2025-06-27T14:09:00Z,94.0,
2025-06-27T18:20:00Z,95.0,
2025-06-28T14:20:00Z,94.0,
2025-06-28T18:41:00Z,96.0,
2025-06-29T14:12:00Z,94.0,
2025-06-29T18:52:00Z,94.0,
2025-06-30T14:38:00Z,95.0,
2025-06-30T18:13:00Z,95.0,
2025-06-30T20:25:00Z,96.0,
2025-07-01T13:49:00Z,94.0,
2025-07-02T15:04:00Z,95.0,
2025-07-02T19:32:00Z,95.0,
2025-07-03T15:31:00Z,94.0,
2025-07-03T19:57:00Z,93.0,
2025-07-04T15:27:00Z,94.0,
2025-07-04T21:33:00Z,93.0,
2025-07-05T16:19:00Z,95.0,
2025-07-05T23:17:00Z,95.0,
2025-07-10T14:56:00Z,94.0,
2025-07-11T15:37:00Z,94.0,
2025-07-12T00:18:00Z,94.0,
2025-07-12T16:12:00Z,94.0,
2025-07-13T16:15:00Z,95.0,
2025-07-13T18:30:00Z,92.0,
2025-07-13T21:18:00Z,94.0,
2025-07-18T19:04:00Z,97.1,
2025-07-18T19:09:00Z,98.2,
2025-07-18T19:14:00Z,98.5,
2025-07-18T19:19:00Z,98.9,
2025-07-18T19:24:00Z,99.8,
2025-07-18T19:29:00Z,100.0,
2025-07-18T19:34:00Z,99.5,
2025-07-18T19:39:00Z,98.2,
2025-07-18T19:45:00Z,96.8,
2025-07-18T19:50:00Z,96.7,
2025-07-18T19:55:00Z,97.0,
2025-07-18T20:01:00Z,98.5,
2025-07-18T20:04:00Z,98.6,
2025-07-18T20:10:00Z,97.7,
2025-07-18T20:17:00Z,97.6,
2025-07-18T20:23:00Z,96.7,
2025-07-18T20:40:00Z,97.7,
2025-07-18T20:58:00Z,96.8,
2025-07-18T21:00:00Z,97.1,
2025-07-18T21:03:00Z,97.8,
2025-07-18T21:08:00Z,97.9,
2025-07-18T21:13:00Z,97.7,
2025-07-18T21:18:00Z,97.3,
2025-07-18T21:23:00Z,97.6,
2025-07-18T21:28:00Z,97.6,
2025-07-18T21:33:00Z,97.0,
2025-07-18T21:38:00Z,96.1,
2025-07-18T21:43:00Z,95.3,
2025-07-18T21:48:00Z,94.4,
2025-07-18T21:54:00Z,95.2,
2025-07-18T22:00:00Z,95.8,
2025-07-18T22:02:00Z,97.2,
2025-07-18T22:09:00Z,97.6,
2025-07-18T22:21:00Z,95.7,
2025-07-18T22:42:00Z,97.6,
2025-07-18T22:51:00Z,95.1,
2025-07-18T22:57:00Z,95.8,
2025-07-18T23:01:00Z,94.0,
2025-07-18T23:04:00Z,95.3,
2025-07-19T17:51:00Z,97.7,
2025-07-19T17:55:00Z,98.5,
2025-07-19T18:00:00Z,97.6,
2025-07-19T18:05:00Z,97.1,
2025-07-19T18:10:00Z,96.2,
2025-07-19T18:15:00Z,95.9,
2025-07-19T18:20:00Z,95.3,
2025-07-19T18:25:00Z,95.6,
2025-07-19T18:30:00Z,95.3,
2025-07-19T18:35:00Z,95.9,
2025-07-19T18:42:00Z,98.9,
2025-07-19T18:47:00Z,99.2,
2025-07-19T18:53:00Z,98.3,
2025-07-19T18:58:00Z,97.6,
2025-07-19T19:00:00Z,97.7,
2025-07-19T19:03:00Z,97.9,
2025-07-19T19:08:00Z,97.5,
2025-07-19T19:13:00Z,98.2,
2025-07-19T19:18:00Z,97.8,
2025-07-19T19:23:00Z,96.1,
2025-07-19T19:28:00Z,94.0,
2025-07-19T19:39:00Z,94.0,
2025-07-19T20:00:00Z,99.4,
2025-07-19T20:04:00Z,97.6,
2025-07-19T20:09:00Z,95.6,
2025-07-19T20:14:00Z,95.6,
2025-07-19T20:21:00Z,95.8,
2025-07-19T20:27:00Z,95.4,
2025-07-19T21:13:00Z,97.8,
2025-07-19T21:14:00Z,98.4,
2025-07-19T21:18:00Z,97.5,
2025-07-19T21:23:00Z,97.2,
2025-07-19T21:28:00Z,96.7,
2025-07-19T21:33:00Z,97.4,
2025-07-19T21:39:00Z,97.9,
2025-07-19T21:54:00Z,100.0,
2025-07-19T22:00:00Z,100.0,
2025-07-19T22:05:00Z,100.0,
2025-07-19T22:10:00Z,100.0,
2025-07-19T22:15:00Z,98.2,
2025-07-19T22:21:00Z,99.3,
2025-07-19T22:27:00Z,100.0,
2025-07-19T22:33:00Z,100.0,
2025-11-05T14:14:00Z,99.0,79.0
2025-11-05T15:14:00Z,99.0,81.0
2025-11-05T16:29:00Z,98.0,74.5
2025-11-05T18:58:00Z,100.0,67.0
2025-11-05T19:30:00Z,99.0,94.0
2025-11-05T20:00:00Z,99.5,68.0
2025-11-05T21:00:00Z,100.0,76.0
2025-11-05T21:33:00Z,100.0,50.0
2025-11-05T22:03:00Z,98.5,70.5
2025-11-05T23:03:00Z,97.5,83.5
2025-11-06T00:06:00Z,98.0,75.0
2025-11-06T03:33:00Z,99.0,121.0
2025-11-06T06:11:00Z,98.0,107.0
2025-11-06T07:22:00Z,97.0,91.0
2025-11-06T08:15:00Z,98.0,89.0
2025-11-06T10:45:00Z,97.0,98.0
2025-11-06T17:20:00Z,100.0,83.0
2025-11-06T18:35:00Z,98.0,90.0
2025-11-06T19:05:00Z,97.0,71.0
2025-11-06T19:36:00Z,98.0,69.0
2025-11-06T20:53:00Z,100.0,66.0
2025-11-06T21:28:00Z,98.0,79.0
2025-11-06T22:29:00Z,100.0,61.0
2025-11-06T22:59:00Z,97.0,86.0
2025-11-07T00:10:00Z,99.0,96.0
2025-11-07T08:11:00Z,99.0,93.0
2025-11-07T10:08:00Z,99.0,97.0
2025-11-07T11:08:00Z,99.5,85.0
2025-11-07T12:48:00Z,98.0,79.0
2025-11-07T14:08:00Z,98.5,84.5
2025-11-07T15:21:00Z,98.5,87.5
2025-11-07T16:44:00Z,99.0,82.0
2025-11-07T17:14:00Z,99.0,84.0
2025-11-07T18:47:00Z,98.0,84.0
2025-11-07T21:25:00Z,99.0,78.0
2025-11-07T23:22:00Z,98.0,81.0
2025-11-08T00:22:00Z,99.0,75.0
2025-11-08T01:07:00Z,99.0,83.0
2025-11-08T17:27:00Z,98.0,87.0
2025-11-08T20:38:00Z,100.0,83.0
2025-11-08T21:13:00Z,100.0,78.0
2025-11-08T21:44:00Z,100.0,82.0
2025-11-09T09:38:00Z,98.0,96.0
2025-11-09T10:09:00Z,96.0,95.0
2025-11-09T11:09:00Z,99.0,99.0
2025-11-09T13:20:00Z,98.0,81.0
2025-11-09T14:16:00Z,99.5,88.5
2025-11-09T15:18:00Z,98.5,91.0
2025-11-09T16:18:00Z,100.0,80.0
2025-11-09T18:33:00Z,96.0,83.0
2025-11-09T20:01:00Z,98.0,77.5
2025-11-09T21:18:00Z,98.5,82.0
2025-11-09T22:56:00Z,100.0,77.0
2025-11-10T00:31:00Z,99.0,87.0
2025-11-10T01:05:00Z,99.0,97.0
2025-11-10T02:58:00Z,98.0,116.0
2025-11-10T16:19:00Z,97.0,87.0
2025-11-10T17:04:00Z,97.5,89.0
2025-11-10T18:08:00Z,99.0,79.0
2025-11-10T19:19:00Z,98.0,67.0
2025-11-10T20:30:00Z,98.0,57.0
2025-11-10T21:00:00Z,99.0,72.5
2025-11-11T00:00:00Z,100.0,114.0
2025-11-11T01:00:00Z,98.0,118.0
2025-11-11T04:51:00Z,100.0,91.0
2025-11-11T06:52:00Z,100.0,108.0
2025-11-11T11:41:00Z,100.0,90.0
2025-11-11T15:40:00Z,98.0,77.0
2025-11-11T16:10:00Z,99.5,
2025-11-11T16:51:00Z,99.0,90.0
2025-11-11T17:21:00Z,99.5,85.0
2025-11-11T18:21:00Z,98.0,92.0
2025-11-11T19:21:00Z,99.0,93.0
2025-11-11T20:28:00Z,99.0,90.0
2025-11-11T21:00:00Z,98.0,72.0
2025-11-11T22:56:00Z,99.0,95.0
2025-11-12T09:28:00Z,99.0,96.0
2025-11-12T17:22:00Z,98.0,88.0
2025-11-12T18:55:00Z,100.0,75.0
2025-11-12T19:40:00Z,98.0,76.0
2025-11-12T20:10:00Z,98.0,73.0
2025-11-12T21:10:00Z,100.0,82.0
2025-11-12T22:03:00Z,98.5,74.0
2025-11-12T23:24:00Z,100.0,93.0
2025-11-13T01:10:00Z,99.0,100.0
2025-11-13T06:20:00Z,100.0,89.0
2025-11-13T07:06:00Z,100.0,97.0
2025-11-13T11:42:00Z,98.0,96.0
2025-11-14T02:02:00Z,100.0,91.0
2025-11-14T03:14:00Z,99.0,96.0
2025-11-14T05:02:00Z,98.5,88.5
2025-11-14T08:19:00Z,95.0,88.0
2025-11-14T10:21:00Z,100.0,93.0
2025-11-14T13:28:00Z,99.0,93.0
2025-11-14T13:58:00Z,98.0,86.0
2025-11-14T14:29:00Z,99.0,75.0
2025-11-14T17:13:00Z,99.0,76.0
2025-11-14T18:08:00Z,100.0,73.0
2025-11-14T18:38:00Z,99.0,81.0
2025-11-14T19:09:00Z,99.0,79.0
2025-11-14T20:45:00Z,99.0,69.0
2025-11-14T22:02:00Z,99.0,98.0
2025-11-14T22:36:00Z,100.0,78.0
2025-11-15T08:41:00Z,100.0,82.0
2025-11-15T10:25:00Z,96.0,87.0
2025-11-15T12:16:00Z,97.0,88.0
2025-11-15T13:20:00Z,100.0,91.0
2025-11-15T14:12:00Z,98.5,78.0
2025-11-15T15:37:00Z,99.0,73.0
2025-11-15T16:07:00Z,99.5,78.0
2025-11-15T17:08:00Z,100.0,67.0
2025-11-15T18:24:00Z,99.0,78.0
2025-11-15T19:00:00Z,97.0,73.0
2025-11-15T20:46:00Z,98.0,54.0
2025-11-15T21:41:00Z,98.0,79.0
2025-11-15T22:12:00Z,99.5,56.0
2025-11-15T23:51:00Z,96.0,96.0
2025-11-16T01:00:00Z,100.0,107.0
2025-11-16T04:14:00Z,96.5,101.0
2025-11-16T04:46:00Z,96.0,
2025-11-16T08:46:00Z,95.0,100.0
2025-11-16T11:49:00Z,97.0,87.0
2025-11-16T12:53:00Z,98.0,89.0
2025-11-16T13:56:00Z,97.0,90.0
2025-11-16T15:11:00Z,99.0,82.0
2025-11-16T18:36:00Z,97.0,63.0
2025-11-16T19:07:00Z,98.0,68.0
2025-11-16T20:19:00Z,98.0,63.0
2025-11-16T21:50:00Z,98.0,65.0
2025-11-17T00:54:00Z,99.0,101.0
2025-11-17T05:38:00Z,97.0,103.0
2025-11-17T08:30:00Z,99.0,110.0
2025-11-17T15:01:00Z,99.0,82.5
2025-11-17T16:28:00Z,99.5,87.0
2025-11-17T18:41:00Z,98.0,94.0
2025-11-17T19:11:00Z,99.0,86.0
2025-11-17T20:11:00Z,99.0,72.0
2025-11-17T20:42:00Z,100.0,63.0
2025-11-17T21:12:00Z,100.0,79.0
2025-11-17T22:42:00Z,100.0,83.0
2025-11-17T23:16:00Z,100.0,75.0
2025-11-18T03:02:00Z,100.0,89.0
2025-11-18T11:08:00Z,98.0,98.0
2025-11-18T15:35:00Z,97.0,67.0
2025-11-18T16:05:00Z,99.0,71.0
2025-11-18T17:05:00Z,99.0,68.0
2025-11-18T17:35:00Z,100.0,79.0
2025-11-18T18:05:00Z,99.0,69.5
2025-11-18T19:21:00Z,100.0,72.5
2025-11-18T20:57:00Z,99.0,61.0
2025-11-18T21:27:00Z,98.0,79.0
2025-11-18T22:27:00Z,100.0,73.0
2025-11-19T05:29:00Z,100.0,103.0
2025-11-19T07:04:00Z,97.0,97.0
2025-11-19T08:58:00Z,100.0,90.0
2025-11-19T13:41:00Z,99.0,89.0
2025-11-19T14:35:00Z,97.0,81.0
2025-11-19T15:32:00Z,99.0,78.0
2025-11-19T19:53:00Z,100.0,87.0
2025-11-19T20:32:00Z,97.0,89.0
2025-11-19T21:02:00Z,97.5,73.0
2025-11-19T22:44:00Z,98.0,76.0
2025-11-19T23:48:00Z,100.0,82.0
2025-11-20T01:15:00Z,98.0,94.0
2025-11-20T04:10:00Z,100.0,100.0
2025-11-21T08:12:00Z,98.0,99.0
2025-11-21T12:07:00Z,97.0,100.0
2025-11-21T15:00:00Z,100.0,80.0
2025-11-21T16:00:00Z,99.5,71.0
2025-11-21T17:47:00Z,100.0,75.0
2025-11-21T18:18:00Z,97.5,72.5
2025-11-21T20:32:00Z,98.0,66.0
2025-11-21T21:02:00Z,99.5,77.5
2025-11-21T22:48:00Z,99.0,90.0
2025-11-22T07:27:00Z,100.0,96.0
2025-11-22T08:07:00Z,99.5,88.5
2025-11-23T00:30:00Z,99.0,95.0
2025-11-23T03:03:00Z,100.0,93.0
2025-11-23T08:02:00Z,98.0,94.0
2025-11-23T13:02:00Z,97.5,82.0
2025-11-23T14:03:00Z,99.0,81.5
2025-11-23T16:31:00Z,97.0,68.0
2025-11-23T17:01:00Z,100.0,73.0
2025-11-23T18:02:00Z,100.0,86.0
2025-11-23T19:01:00Z,99.5,78.5
2025-11-23T20:05:00Z,98.5,86.0
2025-11-24T01:19:00Z,99.0,103.0
2025-11-24T11:43:00Z,99.0,86.0
2025-11-24T12:13:00Z,97.5,82.0
2025-11-24T14:20:00Z,99.0,75.0
2025-11-24T14:50:00Z,99.0,81.0
2025-11-24T15:20:00Z,99.5,77.0
2025-11-24T16:20:00Z,98.0,75.5
2025-11-24T17:34:00Z,98.0,71.0
2025-11-24T18:39:00Z,100.0,80.0
2025-11-24T19:09:00Z,99.0,75.0
2025-11-24T20:20:00Z,100.0,74.0
2025-11-24T22:05:00Z,97.0,107.0
2025-11-25T00:05:00Z,99.0,101.0
2025-11-25T02:49:00Z,99.0,93.0
2025-11-25T04:29:00Z,98.0,91.0
2025-11-25T05:37:00Z,97.0,104.0
2025-11-25T06:57:00Z,99.0,98.0
2025-11-25T08:39:00Z,100.0,103.0
2025-11-25T09:12:00Z,96.0,92.0
2025-11-26T11:19:00Z,98.0,84.0
2025-11-26T12:09:00Z,98.0,72.0
2025-11-26T12:40:00Z,98.0,81.0
2025-11-26T13:11:00Z,100.0,88.0
2025-11-26T14:22:00Z,93.0,85.0
2025-11-26T15:17:00Z,98.5,75.5
2025-11-26T16:18:00Z,98.0,66.5
2025-11-26T17:57:00Z,99.0,69.0
2025-11-26T18:27:00Z,98.5,68.5
2025-11-26T20:35:00Z,100.0,76.0
2025-11-26T21:09:00Z,99.5,86.5
2025-11-26T22:10:00Z,98.0,77.5
2025-11-26T23:11:00Z,99.0,106.0
2025-11-28T01:30:00Z,100.0,98.0
2025-11-28T03:36:00Z,100.0,101.0
2025-11-28T06:05:00Z,100.0,94.0
2025-11-28T07:13:00Z,99.0,122.0
2025-11-28T08:18:00Z,99.0,106.0
2025-11-28T13:09:00Z,98.0,93.0
2025-11-28T14:01:00Z,98.0,88.0
2025-11-28T15:15:00Z,99.0,86.0
2025-11-28T16:53:00Z,99.0,92.0
2025-11-28T17:23:00Z,98.0,99.0
2025-11-28T18:02:00Z,98.0,91.5
2025-11-28T19:02:00Z,98.0,91.0
2025-11-28T20:15:00Z,98.5,80.0
2025-11-28T20:46:00Z,98.0,
2025-11-28T21:53:00Z,97.0,99.0
2025-11-28T23:59:00Z,97.0,97.0
2025-11-29T00:55:00Z,100.0,114.0
2025-11-29T01:35:00Z,97.0,125.0
2025-11-29T02:35:00Z,99.0,116.0
2025-11-29T05:42:00Z,98.0,107.0
2025-11-29T07:43:00Z,99.0,120.0
2025-11-29T14:17:00Z,99.0,100.0
2025-11-29T14:47:00Z,99.0,101.0
2025-11-29T16:04:00Z,97.0,93.0
2025-11-29T17:36:00Z,98.0,102.0
2025-11-29T19:13:00Z,100.0,100.0
2025-11-29T20:12:00Z,98.0,
2025-11-29T20:42:00Z,97.0,91.0
2025-11-29T21:12:00Z,98.5,104.0
2025-11-29T22:26:00Z,98.0,103.0
2025-11-30T09:19:00Z,100.0,105.0
2025-11-30T13:13:00Z,98.0,100.0
2025-11-30T14:29:00Z,100.0,100.0
2025-11-30T16:09:00Z,98.0,81.0
2025-11-30T17:25:00Z,98.0,81.0
2025-11-30T18:33:00Z,100.0,90.0
2025-11-30T19:39:00Z,97.0,77.0
2025-11-30T20:09:00Z,100.0,87.0
2025-11-30T21:13:00Z,98.4,76.0
2025-11-30T21:51:00Z,97.8,
2025-12-01T05:13:00Z,100.0,91.0
2025-12-01T15:05:00Z,100.0,83.5
2025-12-01T16:11:00Z,100.0,78.5
2025-12-01T17:21:00Z,100.0,72.0
2025-12-01T18:23:00Z,98.0,73.5
2025-12-01T19:27:00Z,100.0,83.0
2025-12-01T20:27:00Z,97.0,78.0
2025-12-01T20:55:00Z,98.7,
2025-12-01T21:12:00Z,100.0,84.0
2025-12-02T00:44:00Z,97.0,94.0
2025-12-02T13:39:00Z,100.0,83.0
2025-12-02T14:59:00Z,100.0,85.0
2025-12-02T16:01:00Z,99.0,85.0
2025-12-02T18:58:00Z,96.0,68.0
2025-12-02T19:28:00Z,99.0,68.0
2025-12-02T21:53:00Z,97.5,
2025-12-03T06:43:00Z,98.0,88.0
2025-12-03T07:35:00Z,98.0,91.0
2025-12-03T08:09:00Z,98.0,82.5
2025-12-03T09:46:00Z,96.0,81.0
2025-12-03T10:20:00Z,98.0,100.0
2025-12-03T11:25:00Z,100.0,91.0
2025-12-03T12:07:00Z,97.0,94.0
2025-12-03T13:48:00Z,99.0,91.0
2025-12-03T15:10:00Z,97.0,68.0
2025-12-03T16:54:00Z,99.0,73.0
2025-12-03T18:33:00Z,99.0,62.0
2025-12-03T20:34:00Z,99.3,80.0
2025-12-04T01:18:00Z,99.0,110.0
2025-12-04T02:03:00Z,97.0,94.0
2025-12-04T04:11:00Z,98.5,85.0
2025-12-04T05:18:00Z,98.0,102.0
2025-12-04T20:59:00Z,99.0,
2025-12-05T15:44:00Z,98.0,72.0
2025-12-05T16:14:00Z,97.0,71.0
2025-12-05T17:14:00Z,99.0,74.0
2025-12-05T19:41:00Z,100.0,88.0
2025-12-05T21:04:00Z,98.5,76.0
2025-12-05T22:04:00Z,99.0,77.0
2025-12-05T23:19:00Z,98.2,73.0
2025-12-06T06:07:00Z,98.0,99.0
2025-12-06T13:16:00Z,98.0,89.0
2025-12-06T14:13:00Z,98.0,83.5
2025-12-06T15:13:00Z,98.0,79.0
2025-12-06T16:52:00Z,99.0,77.0
2025-12-06T17:22:00Z,98.0,67.0
2025-12-06T18:26:00Z,97.5,74.5
2025-12-06T19:36:00Z,98.0,75.0
2025-12-06T20:13:00Z,98.3,80.5
2025-12-06T21:33:00Z,96.0,72.0
2025-12-06T23:21:00Z,98.0,132.0
2025-12-07T02:50:00Z,99.0,102.0
2025-12-07T03:50:00Z,98.0,96.0
2025-12-07T13:12:00Z,99.0,88.0
2025-12-07T14:43:00Z,98.0,79.0
2025-12-07T16:13:00Z,99.0,74.0
2025-12-07T16:47:00Z,100.0,88.0
2025-12-07T17:17:00Z,100.0,81.0
2025-12-07T20:13:00Z,98.5,71.5
2025-12-07T21:02:00Z,96.9,
2025-12-07T21:13:00Z,98.5,90.5
2025-12-07T22:13:00Z,100.0,101.0
2025-12-07T23:48:00Z,100.0,114.0
2025-12-08T14:11:00Z,97.5,78.0
2025-12-08T15:11:00Z,99.5,74.0
2025-12-08T16:17:00Z,100.0,75.0
2025-12-08T17:51:00Z,99.0,85.0
2025-12-08T19:18:00Z,98.0,75.0
2025-12-08T20:27:00Z,99.0,76.0
2025-12-08T21:01:00Z,97.9,
2025-12-08T21:30:00Z,99.0,68.0
2025-12-09T01:34:00Z,100.0,92.0
2025-12-09T02:59:00Z,99.0,98.0
2025-12-09T10:16:00Z,100.0,84.0
2025-12-09T12:33:00Z,100.0,86.0
2025-12-09T17:30:00Z,98.0,69.0
2025-12-09T18:00:00Z,99.0,70.5
2025-12-09T19:00:00Z,98.0,
2025-12-09T19:31:00Z,98.0,61.0
2025-12-09T20:37:00Z,98.0,70.0
2025-12-09T21:37:00Z,99.0,87.0
2025-12-09T22:53:00Z,98.0,60.0
2025-12-09T23:26:00Z,100.0,82.0
2025-12-09T23:57:00Z,100.0,75.0
2025-12-10T00:08:00Z,98.1,
2025-12-10T06:24:00Z,90.0,103.0
2025-12-10T09:01:00Z,100.0,89.0
2025-12-10T15:49:00Z,100.0,87.0
2025-12-10T16:28:00Z,97.5,79.5
2025-12-10T17:28:00Z,99.0,75.0
2025-12-10T18:28:00Z,98.0,69.0
2025-12-10T18:58:00Z,94.0,76.0
2025-12-10T20:47:00Z,98.9,65.0
2025-12-10T21:47:00Z,98.0,71.0
2025-12-11T08:18:00Z,99.0,95.0
2025-12-11T13:22:00Z,93.0,80.0
2025-12-11T14:48:00Z,98.0,79.0
2025-12-11T15:18:00Z,100.0,76.0
2025-12-11T16:42:00Z,99.0,89.0
2025-12-11T17:44:00Z,96.0,74.0
2025-12-11T18:14:00Z,99.0,75.0
2025-12-11T19:14:00Z,97.0,77.0
2025-12-11T20:09:00Z,100.0,81.0
2025-12-11T21:44:00Z,99.0,69.0
2025-12-11T22:09:00Z,98.0,
2025-12-11T23:03:00Z,97.0,90.0
2025-12-12T03:25:00Z,100.0,109.0
2025-12-12T04:34:00Z,99.0,84.0
2025-12-12T05:14:00Z,97.0,101.0
2025-12-12T06:15:00Z,97.0,100.0
2025-12-12T07:25:00Z,98.0,97.0
2025-12-12T09:19:00Z,97.0,96.0
2025-12-12T15:24:00Z,99.0,78.5
2025-12-12T16:24:00Z,99.0,69.0
2025-12-12T18:08:00Z,97.5,68.0
2025-12-12T20:33:00Z,97.0,77.0
2025-12-12T21:03:00Z,99.5,76.0
2025-12-12T22:03:00Z,100.0,76.0
2025-12-12T23:05:00Z,98.1,58.5
2025-12-13T01:45:00Z,100.0,119.0
2025-12-13T04:10:00Z,97.5,94.0
2025-12-13T11:25:00Z,99.0,91.0
2025-12-13T13:17:00Z,97.0,96.0
2025-12-13T14:22:00Z,97.0,88.0
2025-12-13T15:22:00Z,95.0,80.0
2025-12-13T16:27:00Z,98.0,72.0
2025-12-13T17:18:00Z,99.0,65.0
2025-12-13T17:48:00Z,100.0,67.0
2025-12-13T18:45:00Z,99.0,88.0
2025-12-13T19:15:00Z,100.0,80.5
2025-12-13T20:15:00Z,100.0,74.0
2025-12-13T21:21:00Z,99.0,76.5
2025-12-13T22:36:00Z,98.0,72.0
2025-12-13T23:28:00Z,97.6,
2025-12-14T00:24:00Z,100.0,77.0
2025-12-14T05:56:00Z,98.0,98.0
2025-12-14T09:43:00Z,98.0,107.0
2025-12-14T10:58:00Z,95.0,91.0
2025-12-14T18:48:00Z,100.0,77.0
2025-12-14T20:47:00Z,100.0,80.0
2025-12-14T21:19:00Z,99.0,80.0
2025-12-14T22:08:00Z,99.0,77.5
2025-12-14T23:12:00Z,98.9,85.0
2025-12-15T01:15:00Z,99.0,100.0
2025-12-15T12:13:00Z,100.0,89.0
2025-12-15T14:34:00Z,97.0,87.0
2025-12-15T15:04:00Z,98.0,80.5
2025-12-15T17:41:00Z,98.0,80.0
2025-12-15T18:11:00Z,100.0,79.0
2025-12-15T20:01:00Z,98.7,71.0
2025-12-16T14:38:00Z,99.0,86.0
2025-12-16T16:04:00Z,99.0,82.5
2025-12-16T17:04:00Z,98.0,79.5
2025-12-16T19:11:00Z,98.0,62.0
2025-12-16T20:13:00Z,97.6,68.0
2025-12-17T00:51:00Z,100.0,98.0
2025-12-17T02:02:00Z,96.0,97.0
2025-12-17T04:04:00Z,98.0,100.0
2025-12-17T04:34:00Z,100.0,97.0
2025-12-17T07:28:00Z,88.0,93.0
2025-12-17T08:16:00Z,98.0,89.0
2025-12-17T09:52:00Z,97.0,92.0
2025-12-17T11:44:00Z,99.0,102.0
2025-12-17T21:59:00Z,98.1,
2025-12-18T03:38:00Z,97.0,108.0
2025-12-18T06:35:00Z,100.0,108.0
2025-12-18T07:08:00Z,98.5,93.5
2025-12-18T08:09:00Z,95.0,95.0
2025-12-18T09:09:00Z,97.0,101.0
2025-12-18T14:04:00Z,98.5,85.0
2025-12-18T15:57:00Z,98.0,90.0
2025-12-18T17:06:00Z,98.0,68.0
2025-12-18T17:36:00Z,98.0,70.0
2025-12-18T18:07:00Z,96.5,87.0
2025-12-18T21:05:00Z,98.0,71.0
2025-12-18T22:06:00Z,97.0,79.0
2025-12-18T22:33:00Z,97.3,
2025-12-19T22:12:00Z,97.3,
2025-12-20T01:33:00Z,98.0,92.0
2025-12-20T05:22:00Z,98.0,84.0
2025-12-20T13:35:00Z,100.0,77.0
2025-12-20T14:05:00Z,98.0,78.0
2025-12-20T20:16:00Z,99.5,64.5
2025-12-20T21:16:00Z,99.5,76.0
2025-12-20T22:16:00Z,99.0,48.5
2025-12-20T23:17:00Z,100.0,65.0
2025-12-21T01:02:00Z,100.0,56.0
2025-12-21T02:02:00Z,99.3,71.5
2025-12-21T04:09:00Z,98.0,88.0
2025-12-21T07:18:00Z,93.0,77.0
2025-12-21T08:18:00Z,95.0,87.0
2025-12-21T22:51:00Z,98.0,
2025-12-22T22:09:00Z,97.5,
2025-12-23T21:00:00Z,97.0,
2025-12-24T21:59:00Z,97.8,
2025-12-25T19:29:00Z,97.0,72.0
2025-12-25T21:03:00Z,97.0,73.0
2025-12-25T22:13:00Z,98.0,70.0
2025-12-26T00:14:00Z,100.0,98.0
2025-12-26T02:11:00Z,99.0,89.0
2025-12-26T13:44:00Z,99.0,82.0
2025-12-26T17:47:00Z,99.0,83.0
2025-12-26T18:45:00Z,99.0,83.0
2025-12-26T19:36:00Z,98.0,81.0
2025-12-26T20:48:00Z,99.0,74.0
2025-12-26T21:18:00Z,98.0,75.0
2025-12-26T21:34:00Z,97.7,74.0
2025-12-27T00:29:00Z,99.0,77.0
2025-12-27T06:08:00Z,100.0,89.0
2025-12-27T06:40:00Z,100.0,
2025-12-27T21:49:00Z,97.9,
2025-12-28T11:39:00Z,97.0,99.0
2025-12-28T12:24:00Z,100.0,97.0
2025-12-28T14:02:00Z,99.0,72.0
2025-12-28T15:03:00Z,97.0,69.0
2025-12-28T19:37:00Z,98.0,88.0
2025-12-28T20:07:00Z,99.0,70.0
2025-12-28T21:08:00Z,95.0,63.0
2025-12-28T22:31:00Z,98.3,78.0
2025-12-29T01:52:00Z,100.0,101.0
2025-12-29T22:35:00Z,97.6,
2025-12-30T20:54:00Z,97.7,
2025-12-31T14:57:00Z,97.0,83.0
2025-12-31T15:27:00Z,98.0,78.0
2025-12-31T15:57:00Z,99.0,73.0
2025-12-31T16:27:00Z,100.0,70.0
2025-12-31T17:46:00Z,100.0,88.0
2025-12-31T19:46:00Z,99.0,73.0
2025-12-31T20:17:00Z,99.0,78.0
2025-12-31T20:54:00Z,97.0,77.0
2025-12-31T21:50:00Z,97.6,69.0
2025-12-31T23:11:00Z,100.0,95.0
2026-01-01T11:24:00Z,99.0,87.0
2026-01-01T17:16:00Z,98.0,70.0
2026-01-01T18:18:00Z,97.0,68.0
2026-01-01T20:57:00Z,100.0,64.0
2026-01-01T21:09:00Z,98.2,
2026-01-02T09:52:00Z,98.0,86.0
2026-01-02T10:36:00Z,97.0,76.0
2026-01-02T12:40:00Z,98.0,81.0
2026-01-02T18:08:00Z,99.0,81.0
2026-01-02T19:38:00Z,97.0,77.0
2026-01-02T20:32:00Z,99.0,77.0
2026-01-02T21:02:00Z,98.2,77.0
2026-01-02T21:37:00Z,98.5,
2026-01-02T22:12:00Z,100.0,72.5
2026-01-02T23:48:00Z,100.0,99.0
2026-01-03T03:30:00Z,98.0,97.0
2026-01-03T04:48:00Z,97.0,92.0
2026-01-03T09:31:00Z,99.0,88.0
2026-01-03T12:34:00Z,98.0,92.0
2026-01-03T16:10:00Z,98.5,85.0
2026-01-03T17:10:00Z,100.0,78.0
2026-01-03T17:55:00Z,100.0,75.0
2026-01-03T18:25:00Z,100.0,80.5
2026-01-03T18:55:00Z,100.0,
2026-01-03T19:26:00Z,100.0,76.0
2026-01-03T20:26:00Z,100.0,78.0
2026-01-03T21:29:00Z,97.0,72.0
2026-01-03T22:30:00Z,100.0,74.0
2026-01-04T00:09:00Z,100.0,98.0
2026-01-04T15:21:00Z,100.0,80.0
2026-01-04T16:21:00Z,98.5,76.0
2026-01-04T17:21:00Z,100.0,72.0
2026-01-04T18:34:00Z,99.0,84.0
2026-01-04T19:04:00Z,98.0,77.0
2026-01-04T20:05:00Z,99.0,68.5
2026-01-04T21:05:00Z,100.0,80.0
2026-01-04T22:22:00Z,100.0,67.0
2026-01-05T00:47:00Z,99.0,108.0
2026-01-05T03:14:00Z,97.0,95.0
2026-01-05T05:39:00Z,98.0,95.0
2026-01-05T09:55:00Z,95.0,94.0
2026-01-05T12:38:00Z,100.0,80.0
2026-01-05T15:43:00Z,99.0,65.0
2026-01-05T16:13:00Z,100.0,69.0
2026-01-05T17:14:00Z,100.0,73.5
2026-01-05T18:15:00Z,100.0,76.0
2026-01-05T18:45:00Z,100.0,81.0
2026-01-05T19:17:00Z,100.0,71.5
2026-01-05T20:20:00Z,100.0,65.0
2026-01-05T22:07:00Z,98.0,82.0
2026-01-05T22:39:00Z,100.0,90.0
2026-01-06T00:46:00Z,99.0,100.0
2026-01-06T10:57:00Z,98.0,99.0
2026-01-06T11:55:00Z,94.0,91.0
2026-01-06T12:37:00Z,97.0,95.0
2026-01-07T07:34:00Z,97.0,92.0
2026-01-07T08:48:00Z,97.0,102.0
2026-01-07T13:08:00Z,99.0,82.0
2026-01-07T14:08:00Z,99.0,79.0
2026-01-07T15:54:00Z,100.0,69.0
2026-01-07T16:24:00Z,100.0,71.0
2026-01-07T17:33:00Z,98.0,59.0
2026-01-07T18:33:00Z,100.0,88.0
2026-01-07T19:08:00Z,98.5,82.5
2026-01-07T20:08:00Z,97.0,76.0
2026-01-07T21:08:00Z,99.0,71.5
2026-01-07T22:08:00Z,100.0,70.0
2026-01-07T22:50:00Z,100.0,69.0
2026-01-07T23:50:00Z,100.0,65.0
2026-01-08T07:30:00Z,97.0,96.0
